:020000040800F2
:1000000000800020290B0008710B0008710B00080C
:10001000710B0008710B0008710B00080000000054
:10002000000000000000000000000000710B00084C
:10003000710B000800000000710B0008710B000834
:10004000710B0008710B0008710B0008710B0008A0
:10005000710B0008710B0008710B0008710B000890
:10006000710B0008710B0008710B0008710B000880
:10007000710B0008710B0008710B0008710B000870
:10008000710B0008710B0008710B0008710B000860
:10009000710B0008710B0008710B0008710B000850
:1000A000710B0008710B0008710B0008710B000840
:1000B000710B0008710B0008710B0008710B000830
:1000C000710B0008710B0008710B0008710B000820
:1000D000710B0008710B0008710B0008710B000810
:1000E000710B0008710B0008710B00080000000084
:1000F0000000000000000000000000000000000000
:1001000000000000710B0008710B000800000000E7
:10011000710B0008710B00080000000000000000D7
:10012000710B0008710B0008710B0008710B0008BF
:1001300000000000000000000000000000000000BF
:10014000000000000000000000000000710B00082B
:100150000000000000000000710B0008710B000897
:10016000000000000000000000000000710B00080B
:100170000348044B834202D0034B03B11847704736
:100180000000002000000020000000000548064B91
:100190001B1AD90F01EBA301491002D0034B03B185
:1001A00018477047000000200000002000000000F9
:1001B00010B5064C237843B9FFF7DAFF044B13B1AF
:1001C0000448AFF300800123237010BD000000201D
:1001D00000000000DC0B000808B5054B1BB1054909
:1001E0000548AFF30080BDE80840FFF7CFBF00BF70
:1001F0000000000004000020DC0B0008024AD36865
:1002000083F48063D3607047000C0140013800D252
:10021000704700BFFAE7000070B506460025B469D4
:10022000AC4201D8012070BD641BB4F5807F28BFAB
:100230004FF4807405F5F9100949224600F58070E5
:1002400000F04AFA05F100610548224601F5005127
:1002500000F08FFC10B905F58075E0E70020E2E7BB
:100260001C0000202DE9F04F012191B0984800F0CA
:10027000F7FA04A800F05CFB002396488DF81430D0
:100280004FF480644FF4047304A9ADF8163004945D
:1002900000F0FBFA8F48214600F052FB00F0B0F965
:1002A000002860D0302204A94FF4F91000F014FAAD
:1002B00004A800F047FA8046002854D004A8FFF7AD
:1002C000ABFF044600284ED106460A9DA5422CD815
:1002D0000B9B9E4247D1804F4FF003094FF0FF33F5
:1002E000CDE9023300F0E4FB7C4D44464AF6AA26F1
:1002F0000A9B03F1006303F500539D4260D34FF066
:10030000000A0A9D554540F2B080002C69D100F0EA
:10031000DBFB0020B9F1010901D00028DED06D48D7
:100320004FF4806100F00CFB1DE02D1BB5F5807FC4
:1003300028BF4FF4807504F5F91069492A4600F585
:10034000807000F0C9F944B1304665492A4600F092
:10035000DFF904F580740646B7E70A99604800F0B3
:1003600021FA0028F0D15D4C4FF4F031204600F026
:1003700019FA002800F097805A48012100F083FA0A
:100380005848002100F07FFA5748012100F07BFA1D
:100390005548002100F077FA5448002100F060FA37
:1003A0004B48002100F05CFA5149236862688C6078
:1003B000BFF34F8FBFF36F8F83F308881047FEE7BB
:1003C000002C9CD034203E60FFF718FF00F046FB65
:1003D000284600F081FBC21E5442544105F5806559
:1003E00086E7A5EB0A05B5F5807F28BF4FF4807539
:1003F0000AF5F9103A493A4E2A4600F5807000F0A5
:100400006BF94AF6AA233B60D346354BF11AA94251
:1004100000D214B90AF5807A73E7B17870780904CC
:1004200041EA002130780143F078BBF1070F41EA3F
:1004300000610BD82BF0030000F140030DEB03002B
:1004400040F8381C0BF1040B0436DEE73420019130
:1004500000F004FB0BF10060019900F5005000F082
:1004600051FBC31E5C425C41ECE7002C3FF44FAFF4
:10047000342000F0F3FA03991E4800F043FB0328F0
:100480007FF445AF342000F0E9FA0299134800F0F8
:1004900039FB044600F018FB032C7FF43AAF04A8A4
:1004A000FFF7BAFE36E71448FFF7A8FEFFF7AEFEE7
:1004B0001148FFF7A3FEFFF7A9FE0F48FFF79EFEC6
:1004C000FFF7A4FE0D48FFF799FEFFF79FFEEAE74E
:1004D00003001800000C014000300040002000081C
:1004E0001C0000200E00100003000C000E001C0079
:1004F00000ED00E004200008F0490200A0BB0D0060
:1005000002484FF4805100F01BBA00BF000C0140BC
:1005100002484FF4805100F015BA00BF000C0140B2
:1005200038B50E4D04460E48022100F090FA70B125
:1005300021460B48094C00F085FA0948012100F0DA
:1005400086FA40B1064800F07FFAC0B202E0013DF1
:10055000E9D1FF2038BD013CEFD1FAE740420F005E
:100560000038004010B50446FFF7D2FF2046FFF7E1
:10057000D7FFBDE81040FFF7C3BF10B50446C0F376
:100580000740FFF7CDFFC4F30720FFF7C9FFE0B234
:10059000BDE81040FFF7C4BF38B50A4DFFF7B8FFFC
:1005A0000520FFF7BDFF0020FFF7BAFF0446FFF765
:1005B000A7FFE30704D5013DF0D1034B01221A70D8
:1005C00038BD00BF80841E001C01002070B5FFF7FD
:1005D0009FFF9F20FFF7A4FF0020FFF7A1FF064623
:1005E0000020FFF79DFF04460020FFF799FF24023B
:1005F000054644EA0644FFF783FF44EA050070BD60
:1006000013B52E48012100F02BF901212C4800F0F0
:1006100027F9684600F08CF92A4B2B484FF480529A
:100620006946CDE9002300F030F9FFF769FF4FF488
:10063000204300936946082323488DF8063000F0D4
:1006400024F94FF4804369460093002418231E4880
:100650008DF805308DF8064000F017F9684600F077
:1006600073F91A491A484FF08073CDE900136946AF
:1006700000F075F91648012100F0DAF9012114485B
:1006800000F0DBF90620FFF76DFFFFF741FF502078
:10069000FFF746FFFFF734FFFFF73AFF0120FFF7B0
:1006A0003FFF2046FFF73CFFFFF72AFFFFF78EFFD3
:1006B000084BC41A6042604102B010BD030018002C
:1006C0000E001C0000041002000C0140000101009B
:1006D000003800404125BF0070B50C46154606465F
:1006E000FFF75AFFFFF714FF0320FFF719FF30460B
:1006F000FFF743FF2544AC4203D1BDE87040FFF74C
:10070000FFBE0020FFF70CFF04F8010BF3E7000029
:1007100010B50B4CC0430A44914201D1C04310BDF7
:1007200011F8013B584000F00F0354F8233083EADE
:10073000101303F00F0054F8200080EA1310EBE7C9
:10074000080C000870B515490822054600F011FA9A
:100750000646F8B908221249A81800F00AFA044619
:10076000D0B92B69012B12D12C222946FFF7D0FFDB
:10077000EB6A98420BD1AB694CF6F862A3F1080121
:10078000914204D803F00303B3FA83F4640904F03C
:10079000010070BD0024FAE73446F8E7F40B0008C6
:1007A000FD0B00080368024603F160400138B0F514
:1007B000004F12D213F003000FD1536813F001025F
:1007C0000DD0084A93420BD901F1006101F50051A7
:1007D000994294BF002001207047002070471046C6
:1007E000704700BF002000081A4B1B49DA6942F02D
:1007F0008052DA6191F8502042F0040281F85020D2
:10080000DA6922F08052DA611A6842F001021A6055
:100810001A689207FCD55A6822F003025A605A6897
:1008200012F00C0FC2F38101F9D11A6822F086721E
:1008300022F480321A6041F610725960DA624FF485
:1008400080121A634FF41F029A60044B4FF000624B
:100850009A607047001002400070004000ED00E018
:10086000030C03F1804303F50433012900F01F005A
:1008700019684FF0010202FA00F20CBF0A4321EAA4
:1008800002021A607047FFF7EBBFF0B58C790A6877
:10089000032C95B24AD0002C3DD14B79182B02D1B4
:1008A0000561082303E0282B32D003F00F03D1B2F7
:1008B000A9B1002492B20F2742FA04F1C9070BD55F
:1008C0000668A10007FA01FC26EA0C060660066825
:1008D00003FA01F1314301600134082CECD1FF2D02
:1008E00015D92D0A00210F2645FA01F2D2070BD5A2
:1008F00044688A0006FA02F724EA07044460446860
:1009000003FA02F22243426001310829ECD1F0BD22
:1009100093B24361C5E70B79C97903F0040304F08E
:100920000804234301F003010B43C0E70023BEE7A3
:10093000024B4FF6FF72C0E900237047000400012C
:1009400001617047416170470023037043708370F9
:10095000C3700371437183710123C3717047C3690D
:1009600023F40063C3610B78032B1BD8DFE803F08B
:10097000020E5054036823F400430360036823F419
:1009800080430360036823F480630AE0036823F470
:1009900000430360036823F480430360036843F467
:1009A00080630360CB79026863F3492202604A786E
:1009B000012A39D1012B37D1036843F480730360D6
:1009C000036862F3820303608B7803F00702072B4E
:1009D00043688CBF43F4807323F4807343600368DF
:1009E00062F3C50303600368CA7862F3C713036048
:1009F00003680A7962F3CB2303604A79036862F3E0
:100A0000410303608A79036862F30003036070475F
:100A1000036843F40043B0E7036843F40043036012
:100A2000036843F48043ACE7036823F48073C6E7AC
:100A3000036861F3082303607047036861F386135A
:100A400003607047C1607047C06880B270478068BB
:100A50000840003818BF012070470000014BD860E3
:100A6000704700BF00200240084BDA68D10709D464
:100A7000DA68520708D4D868C0F30010C0F1030048
:100A8000C0B270470020704701207047002002402C
:100A900010B50446FFF7E8FF30B90CB9042010BDCB
:100AA000FFF7E2FF013CF7E7002C08BF0420F6E760
:100AB000034B044A5A6002F188325A60704700BF03
:100AC0000020024023016745024A136943F0800376
:100AD000136170470020024010B5094C236943F0B0
:100AE000020323616061236943F0400323614FF0F7
:100AF0008040FFF7CDFF236923F00203236110BD7F
:100B00000020024010B5074C236943F00103236124
:100B100001604FF48010FFF7BBFF236923F001034E
:100B2000236110BD00200240002103E00B4B5B5805
:100B3000435004310A480B4B42189A42F6D30A4AF2
:100B400002E0002342F8043B084B9A42F9D3FFF736
:100B50004BFE00F01FF8FFF785FB7047500C0008B4
:100B600000000020000000200000002020010020E4
:100B7000FEE710B501390244904201D1002005E0A2
:100B8000037811F8014FA34201D0181B10BD0130AA
:100B9000F2E7000070B50D4B0D4D5B1B9C1000265D
:100BA000A64209D100F01AF80A4D0B4B5B1B9C10B2
:100BB0000026A64205D170BD55F8043B9847013682
:100BC000EEE755F8043B98470136F2E7480C000879
:100BD000480C0008480C00084C0C0008F8B500BF91
:100BE000F8BC08BC9E467047F8B500BFF8BC08BC0E
:040BF0009E46704766
:100BF400544453464C555044005346524332442EB9
:100C040042000000000000006410B71DC8206E3BC5
:100C1400AC30D9269041DC76F4516B6B5861B24DFF
:100C24003C7105502083B8ED44930FF0E8A3D6D669
:100C34008CB361CBB0C2649BD4D2D38678E20AA0D1
:040C44001CF2BDBD24
:040C4800D9010008C6
:040C4C00B1010008EA
:0400000508000B29BB
:020000040800F2
:10200000008000201DC4000865C4000865C40008E5
:1020100065C4000865C4000865C40008000000002D
:1020200000000000000000000000000065C400087F
:1020300065C400080000000065C40008DD44000815
:1020400065C4000865C4000865C4000865C40008CC
:1020500065C4000865C400083544000885430008CD
:1020600065C4000865C4000865C4000865C40008AC
:1020700025410008BD40000865C4000865C400088B
:1020800065C4000865C4000865C4000865C400088C
:1020900065C4000865C4000865C4000899410008CB
:1020A00065C4000865C4000865C4000865C400086C
:1020B00065C4000865C4000865C4000865C400085C
:1020C00065C4000865C4000865C4000865C400084C
:1020D00065C4000865C4000865C4000865C400083C
:1020E00065C4000865C4000865C40008000000005D
:1020F00000000000000000000000000000000000E0
:102100000000000065C4000865C40008000000006D
:1021100065C4000865C4000800000000000000005D
:1021200065C4000865C4000865C4000865C40008EB
:10213000000000000000000000000000000000009F
:10214000000000000000000000000000A15B00088B
:10215000000000000000000065C4000865C400081D
:1021600000000000000000000000000065C400083E
:1021700053B94AB9002908BF00281CBF4FF0FF31EE
:102180004FF0FF3000F00CB8ADF1080C6DE904CE53
:102190000AF06AF9DDF804E0DDE9022304B07047D3
:1021A000704700BF034613F8012B002AFBD1181A11
:1021B000013870470348044B834202D0034B03B1FC
:1021C00018477047700000207000002000000000D9
:1021D0000548064B1B1AD90F01EBA301491002D089
:1021E000034B03B1184770477000002070000020B7
:1021F0000000000010B5064C237843B9FFF7DAFF62
:10220000044B13B10448AFF300800123237010BDC9
:10221000700000200000000058C8000808B5054BF9
:102220001BB105490548AFF30080BDE80840FFF742
:10223000CFBF00BF000000007400002058C8000895
:1022400010B5064B064A1968013800D210BD546813
:1022500053681B1B8B42FBD3F6E700BF94000020A2
:10226000001000E002484FF4806104F057BF00BF47
:10227000000C014002484FF4806104F04DBF00BFE4
:10228000000C0140034BDB685B0501D5FFF7EABF9B
:10229000FFF7F0BF000C0140044B00221A60044B12
:1022A000187008B1FFF7DEBFFFF7E4BF8C00002015
:1022B00090000020064B1B784BB1064A136801338F
:1022C0007C2B136003D900231360FFF7DBBF70473B
:1022D000900000208C00002037B5284A2848D2F80A
:1022E000FC3043F08073C2F8FC30A2F55D4200245C
:1022F00054601168234B41F0010111601A684FF4DA
:102300007A73B2FBF3F2204B01211A6004F051FC06
:10231000684604F0F9FE1D4B1D484FF48065694680
:10232000CDE9005304F09CFE2946194804F0F4FE60
:102330001848012104F03DFC0121174804F039FC44
:10234000684604F0E1FE154B15484FF400726946EB
:10235000CDE9002304F084FE2346224611484FF4C1
:10236000E13105F063F90F48012105F092F90D48BC
:10237000012105F089F903B030BD00BF00ED00E098
:1023800003001800540000209400002000041002F4
:10239000000C0140020018000E00180000040802A2
:1023A0000008014000380140024B9868C043C0F368
:1023B000C1107047001001400A4A08B5536843F441
:1023C00080735360012005F01BFB062005F010FB15
:1023D00040F6C31005F006FB05F0FCFABDE8084026
:1023E00005F0F0BA002004E030B4144D144A296816
:1023F0001448154CA0FB0130136801331360134BD4
:1024000020F0010202EB50028A1A481CD9612168AF
:1024100028608A420E499A604FF0FF0008BF0D689D
:1024200020604FF0000218BF002501201D610A60E6
:1024300030BC1A625A61D860704700BFC8020020E1
:10244000CC020020ABAAAAAA00000020980000201D
:10245000C002002070B50C4601F51055461A03E085
:1024600004F58074AC4215D00B494FF480722046BD
:1024700003F012F909494FF48072301903F00CF996
:10248000064905484FF480720AF06AF90028E7D03F
:10249000002070BD012070BDC0010020C0000020E0
:1024A00010B50D4C94F800C0BCF1000F0CBF4FF0FC
:1024B000120C4FF0090C8E4611461A46B0FBFCF385
:1024C0000CFB1300400203EB430300EB03307044AA
:1024D000BDE8104003F0A6B9DC020020094B1B78D0
:1024E000002B0CBF12220922B0FBF2F302FB1300F7
:1024F000400203EB43034FF4007200EB033003F0A0
:10250000CBB800BFDC020020014B1878704700BF39
:10251000DC020020094B1B78002B0CBF1222092281
:10252000B0FBF2F302FB1300400203EB43034FF452
:10253000007200EB033003F0AFB800BFDC020020F4
:1025400010B50D4C94F800C0BCF1000F0CBF4FF05B
:10255000120C4FF0090C8E4611461A46B0FBFCF3E4
:102560000CFB1300400203EB430300EB0330704409
:10257000BDE8104003F056B9DC02002000EB40003B
:102580004FF41052000303F087B800BF054B002240
:1025900040F2011CC3E90010C3E90522A3F824C0DE
:1025A000DA60704798000020014B93F825007047CF
:1025B00098000020024B187800B1704702F0C6BFA7
:1025C000C40200202DE9F0418E4C94F8246084B0C0
:1025D000EEB1D4E9012303EB43031D0302EB4203F5
:1025E0001F03E36805F5F318062B00F2DA80DFE835
:1025F00003F02B04466881AC130003F0A7F830B950
:102600002369022B40F2B5800223E360606100265B
:10261000304604B0BDE8F08103F098F80546002884
:10262000F5D163692168D81919444FF4807203F019
:10263000F9F8636903F58073B3F5105F6361E6D35E
:102640000723E3606561E2E760696F4938444FF44E
:10265000807203F021F8656921686B484FF480723D
:1026600029440AF07DF800286CD105F58075B5F590
:10267000105F6561CBD3002384F82430C8E703F0F2
:1026800065F805460028C2D16369216803EB08009C
:1026900019444FF4807203F0C5F863692168206A19
:1026A00019444FF4807203F0F7F96369206203F56F
:1026B0008073B3F5105F6361A9D30323E3606561A1
:1026C000A5E76069504940444FF4807202F0E4FF8E
:1026D000656921684C484FF4807229440AF040F83B
:1026E00058BB05F58075B5F5105F65618FD3042380
:1026F000E3608CE7454B0093ADF80420E369206A62
:1027000002930C2269464FF00008ADF8068003F0F2
:10271000C3F905F5F4153C4F039005F5806569464E
:102720001022284603F07EF810222846394602F08F
:10273000B3FF3A68009B9A4223D0A3690133022B6E
:10274000A36149D8FFF750FE61E702F0FFFF0028C0
:102750007FF45DAF2369022B03D90623E360606138
:1027600055E707EB033002F0C3FF23690133236110
:102770004DE708EB033002F0BBFF2369013323610F
:1027800045E77A68019B9A42D7D1BA68029B9A4280
:10279000D3D1FA68039B9A42CFD10523C4E9033809
:1027A00035E76069184938444FF4807202F074FFCD
:1027B0006569216814484FF48072294409F0D0FFFC
:1027C00028B9134A134B12689A427FF44EAFA3699B
:1027D0000133022BA3610ED90F4B1A780021A1847B
:1027E000002A7FF415AF01240C490D481C70082203
:1027F00003F018F80CE700230522C4E90323636102
:1028000005E700BF98000020C0010020544A4E3167
:10281000D802002011FA11FAC402002094C800085E
:1028200040F01E0038B5154B93F8243003B138BD85
:1028300002F08CFF0028FAD1114A124B1268124D97
:10284000124CA3FB021323F0010101EB530329688F
:10285000D21A91420DD02A60206002EB420200EBB6
:10286000023000F5F31002F043FF236801332360C8
:1028700038BD20680228DAD80003EEE7980000206F
:10288000C8020020ABAAAAAA00000020C0020020B3
:1028900010B502F0A3FF0548054C0649064A00237F
:1028A0000360032023600860137010BDC80200207D
:1028B00000000020C0020020C402002008B5084B20
:1028C0001B7833B9BDE8084006490748082202F0E2
:1028D000A9BF06490648082202F0A4FFF2E700BF9C
:1028E000DC0200209CC8000800F01E008CC8000814
:1028F00020F01E0070B5154E3378834217D0144C6B
:1029000094F8243005462BB1FFF75CFE94F8243090
:10291000002BF9D165B90F4802F030FF0E4B1B7840
:102920006BB90E490B48082202F07CFF357070BD70
:102930000B490C48082202F075FF3570F7E70A4989
:102940000A48082202F06EFFEBE700BFDC0200201D
:102950009800002000F01E00C40200209CC800085F
:102960008CC8000820F01E0094C8000840F01E002B
:1029700038B502F05DF920B3044602F02FFF11498B
:10298000114A124D124800230B60032111601149B6
:1029900003600B702A781049204600F065FB204642
:1029A00000F014FC2B7833B9BDE838400B490C48D3
:1029B000082202F037BF0B490B48082202F032FF11
:1029C000F2E738BD00000020C0020020DC02002039
:1029D000C8020020C402002080C800089CC800086B
:1029E00000F01E008CC8000820F01E002DE9F04FFA
:1029F000BB4D8BB00026032402AFBA4808223946EB
:102A000002F04AFE3B68AB4200F08C80013CF4D1FE
:102A1000082239464FF4105002F03EFEB04B029AA5
:102A20009A4200F01A81082239464FF4105002F001
:102A300033FEAD4B029A9A4200F0248102F0F8F87E
:102A4000AA4900F00DFE002800F022810822A848C3
:102A5000394602F021FEA24B029A9A4200F03581DB
:102A6000012400202022394602F016FEBDF81B305A
:102A70009C48B3F5B46F00F01B8102F07FFE002C80
:102A800000F0108108229B49964802F0CBFE9A4A3A
:102A900013680133136008229548394602F0FCFDA3
:102AA0008F4B029A9A4200F0CB8008229348394615
:102AB00002F0F2FD924B029A9A4200F0B580012298
:102AC0009048DFF844B2DFF84492B2FA82F2520939
:102AD0004FF0000A0270D04610223946584602F0E4
:102AE000DBFD029B4B450DD1BDF80C30A12B09D865
:102AF000BDF80E3033B9BAF1000F19D0049B009A1B
:102B00009A4215D308F10108B8F1030F0BF5405BA9
:102B1000E2D17F4BBAF1000F34D1C3F800A00BB063
:102B2000BDE8F08F7B4B7A689A427FF46FAFB2E7D3
:102B3000ABF510550024284677494FF4807202F017
:102B4000ABFD204674494FF4807202F0A5FF05F5F5
:102B500080755D450446EED10C22394602F09CFF9B
:102B6000059B9842CED1049BBDF80C60CDE900389E
:102B700008F10108B8F1030F4FF0010A0BF5405BB3
:102B8000AAD1C6E7019C009A04EB44052D0306EB8D
:102B9000460905F5F3174FEA093901323946484627
:102BA0001A60FFF757FC0028B9D1361B06EB460622
:102BB00005F5F415360305F58065A6F5F31609F558
:102BC000805B09F5005A484602F0D8FD584602F0ED
:102BD000D5FD504602F0D2FD3C4620464E494FF40A
:102BE000807202F059FD30194B494FF4807204F5A0
:102BF000807402F017FEA542EFD139464846FFF730
:102C000029FC002849D1B8F10108DCD1434B1A78DE
:102C1000002A84D142493648012408221C700BB096
:102C2000BDE8F04F02F0FEBDA3F1A1537A68A3F511
:102C30008633A3F588739A427FF441AF00223FE7C1
:102C400003F15F637A6803F51123ED339A427FF451
:102C50002CAF324B01221A7027E7324B7A689A4226
:102C60007FF4E1AE4FF4F314204604F5805402F0F3
:102C700085FDB4F5F81FF7D11E491A48082202F065
:102C8000D1FD08E7284B7A689A427FF4D7AEE9E78E
:102C90000BB0BDE8F04FFFF76BBE244A1368013359
:102CA00013603CE71E491248082202F0BBFDE9E62A
:102CB0009DF81530022B7FF4E0AE02F05FFD1C4959
:102CC0000E48082202F0AEFDD9E603F15F637A6890
:102CD00003F51123ED339A427FF4C2AE0024C0E61F
:102CE0005444534600F01E0047544B4280C800082D
:102CF00040F01E009CC80008D002002020F01E00FA
:102D000054445344DC02002000841E00544A4E31D7
:102D1000C802002042554632C0010020C4020020F3
:102D200094C800084255463155463031D40200203F
:102D30008CC800080346408801F00301884216D081
:102D4000002259809A601A889888E2B11043032AB9
:102D5000988015D11A7C42B9DA6840F6B731013251
:102D60008A42DA6084BF01221A74002070479A6890
:102D70001D2AE8D801321E2A9A6008BF1880E2E7AF
:102D80000022DA60F1E70028EFD01A7C4AB9421E2F
:102D900092B2022A28BF002000229A80DA601A74B8
:102DA00070474FF48070F7E701F0030100230180C2
:102DB0004180C91A18BF01211E22C901C0E902239E
:102DC000037481807047000010B503F0ADFE194B0D
:102DD000142201211A60084603F0FEFE03F0D9FE1A
:102DE0000028FBD02321022003F042FF0121022012
:102DF00003F0F2FE192003F0BDFE01280446F9D1CC
:102E0000002003F00FFF042003F01CFF042003F058
:102E100011FF204604F004F8022003F055FF03F0F0
:102E20006FFF0228FBD1002003F0FAFFBDE810403D
:102E300003F018BE00200240EB2330B53B4C03707A
:102E40003C234370902383702368C0F80330636889
:102E5000C0F8073000239942C372C37383740CBF58
:102E60004FF434634FF4B463C3744FEA13234FF049
:102E70000204037514BF03230923047304748375C8
:102E800008BFE0244FF0000318BF7024447414BF3F
:102E9000F924F024994201F101050CBF1221092106
:102EA0004573017601250221C3754376C376037706
:102EB00043778377C37780F8203080F8213085739B
:102EC0004475817680F8223080F8233080F82430F1
:102ED000292380F82630782380F82730562380F87D
:102EE0002830342380F82930122380F82A30104B00
:102EF000002A08BF1A461368C0F82B305368C0F880
:102F00002F301389A0F83330937A0A4A80F835308D
:102F10001368C0F836305368C0F83A30552380F84B
:102F2000FE31AA2380F8FF3130BD00BFB0C80008D1
:102F3000A4C80008B9C8000870B504460D46164676
:102F400000214FF4007209F01BFC3246294620464E
:102F5000BDE87040FFF770BF00687047C3698B42DF
:102F600070B504460D4600F1200605D0036882685E
:102F7000314628469847E561304670BD30B549B9BD
:102F800090F8342D124B0C2101FB0233D87A40F417
:102F9000706030BD012918D0C58900221430AA42C2
:102FA00001D30020F5E7B0F8C0315BB10488A1423D
:102FB00008D32344994205D2013B994205D00131FF
:102FC00088B2E6E701320230E9E740F6FF70E0E759
:102FD0000EC90008A0F16103192B02D82038C0B235
:102FE0007047A0F14103DBB2192B38D9A0F13003AF
:102FF000DBB2092B33D920282ED02E282CD0030663
:103000002CD4402814D8222803D8212818BF002007
:103010007047A0F12302D2B201239340104A134219
:103020001DD1104A1A40002A0CBF00205F207047B3
:10303000602808D85D2812D85B280FD05D2814BFFF
:1030400000205F2070477B2809D0A0F17D03DBB210
:10305000022B28BF00207047002070475F20704778
:103060007F0400200003000570B50D4616460021C0
:1030700040F63852044609F083FB95E80700022326
:1030800084E8070084F8346DA38170BD02460F4BBD
:1030900090F8340D30B50C2404FB0033D489188922
:1030A000844210D292899C7ADB88481E023A6502DB
:1030B00000EB4420B0FBF5F012FA80F098428CBF90
:1030C0000020012030BD0020FCE700BF0EC9000831
:1030D000F8B505460C461646FFF7D8FFE0B195F85F
:1030E000343D0E4A0C2101FB0322631E977AAC8902
:1030F000790203EB4723B3FBF1F39BB2002B14BF20
:10310000214600211C446B8229829388AC8109B13D
:10311000023979430B443360F8BD00BF0EC9000883
:10312000F0B504468BB00D46086849680992002640
:1031300002AF059603C79C462989AB7A94F8340DF3
:103140003980E289ADF81C60BB700C27218AADF88C
:10315000221078431C4FADF818C051011209ADF888
:103160001AC0ADF820C037F800C0BDF840E0ADF897
:1031700016E0501CA268009220238DF8133002AA9A
:103180006768ADF81EE001F4F07100EB4C00B84741
:10319000E389218A04EB43029182618AA2F8D41167
:1031A0000B22534303F565732968E150E2186968FF
:1031B00051602B891381AB7A9372E3896682013364
:1031C000E3810BB0F0BD00BF0EC900082DE9F04F40
:1031D0000446ADF5057D90F8341D444E002204A848
:1031E000FFF7AAFEA3680093002165684FF40073FF
:1031F00004AA0846A847002594F8343D4FF00C086F
:1032000008FB03F3F35AAB4214D84FF400720021C9
:1032100004A809F0B5FAE5896D0194F8343D08FB7E
:1032200003F3F2185288B5EB422F4DD30DF5057D0F
:10323000BDE8F08F4FEA452904AF05F1010809F513
:10324000007A4FF0030B4FEA49012046B1FBFBF136
:103250000391FFF793FE0399CA07034631D4244A2A
:1032600002FB09F0B0F1553F20D8DBB209F10109AA
:10327000CA4507F8013BE6D1A368009367684FF49D
:10328000007304AA00214046B84794F8343D0C224C
:1032900053430021F05AA368009301302844676823
:1032A0004FF4007304AAB8474546A5E7013120460C
:1032B0000393FFF763FE039B000140EA1320C3B2B0
:1032C000D4E7C0F30713D1E7F05AA3680093C5F31E
:1032D00008014000C1F50079013000EB5520676816
:1032E0004B4604AAB8474D4497E700BF0EC90008F3
:1032F000ABAAAAAAF8B54FF408720D4600210446FD
:1033000009F03EFA95E807004FF0FF3384E8070024
:10331000E36100212046FFF721FEB0F8133001469B
:103320001BB92030FFF718FE034691F8FE21552AFD
:1033300001D00020F8BD91F8FF21AA2AF9D1B1F8F7
:103340000B20B2F5007FF4D14E7B721E012AF0D81B
:10335000CA89002AEDD00F7C002FEAD0C88A002845
:10336000E7D0B1F8115005F1FF3CBCF5806FE0D219
:10337000A3F1640E40F6DC2CE645DAD817FB00F723
:10338000A28125823A446D0192B205F2FF15E281D5
:1033900002EB552292B26282A675497DE1759A428E
:1033A000C7D29B1AB3FBF6F301339BB28002032210
:1033B000B0FBF2F0834202D2A3820120BAE70138C7
:1033C000A082FAE7F8B505460C462B8B2A8A9A426A
:1033D0000FD9E9895A1C01EB13112A8328465E0193
:1033E000FFF7BCFDC6F308028318815C19B92B8A6C
:1033F0002B83002025E0E529E7D02E29E5D0DE7AD1
:1034000006F00F070F2FE0D016F0180FDDD182580D
:1034100022605A6862601A8922819A7AA27205290A
:1034200004BFE5222270DA7AE272DA8A22821A8BEB
:10343000E2815A8BA28103F11C00FFF78DFD6061D0
:103440000120F8BD0129F8B506460F4602D9838A46
:103450008B4201D20020F8BD01EB5105818901EBBF
:103460005521FFF77BFDC5F30803B189C45C013525
:1034700001EB55213046FFF771FDC5F30805435DAB
:1034800044EA032000B2FB074CBFC0F30B10C0F3AB
:103490000B000128DED9B38A8342DBD3DBE7837DCF
:1034A0000139580201EB4321B1FBF0F070478B89E1
:1034B0000380002383704B6943607047F8B54D6803
:1034C0000C46DDB10988012920D9838A8B421DD39E
:1034D000A378458A877D1D448E1E07FB065515601F
:1034E00062680133B2F5007F1546DBB228BF4FF4A6
:1034F0000075521BBB42626002D2A3702846F8BD21
:103500000023A370FFF79EFF2080F7E70025F5E773
:10351000002303604360038170470023012AC1F840
:103520000230C1F806300A8006D9838A934203D359
:1035300001234A80CB80704701230B7270472DE92D
:10354000F04106460C46154600272388DBB9237A4E
:10355000CBB9A388328A9A422CD9F1895A1C01EB43
:103560001311A28030464FEA4318FFF7F7FCC8F367
:10357000080800EB08031A78002A33D123887BBBA4
:10358000338AA38016E06188A1B1A288B37DB2EB33
:10359000031F13D33046FFF755FFA7800146608015
:1035A00040B1E38801339BB2802BE38005D901232E
:1035B000237267800020BDE8F0810022738A881E94
:1035C000B17D03EB121301FB00313046FFF7C6FC5F
:1035D000A28802F00F03013200EB4313A280CAE776
:1035E0006280E7E7E52AB0D02E2AAED0D97A01F082
:1035F0000F000F28A9D00907A7D4196829605968B6
:10360000696019892981052A997AA97204BFE5227E
:103610002A70DA7AEA72DA8A2A821A8BEA815A8B5B
:10362000AA81DA7AD20606D403F11C00FFF794FCD3
:1036300068610120BFE70020FAE770B5054616462D
:103640000024012904D9AB8A8B4201D3B44201D1B1
:10365000204670BD2846FFF7F5FE01340146F0E72D
:103660002DE9F74F04460E46FFF744FE054638B3F2
:10367000A289E389DFF84CA09B1A02EB5303CDE942
:103680000023E846002704F1200958F804BB3368FA
:10369000B26849465846984794F82020E37DC4F81C
:1036A0001CB09A420CD1236A3AEA030308D17B1C6E
:1036B000022B4FF00107E8D1284603B0BDE8F08F98
:1036C0000025F9E700FFFF00F8B5C7890E4600F5B1
:1036D00065740025AF4201D80020F8BD20460B22BA
:1036E000314609F03DF80B3408B10135F2E701200D
:1036F000F3E72DE9F0434FF0203385B004465360E3
:103700001360C2F807300F461646034600251A78A4
:1037100072B9A5B92046FEF745FD04EB0008002F5D
:103720003FD123782E2B0CD1002005B0BDE8F083CB
:103730002E2A02D1A34218BF1D460133E7E7A8464F
:10374000EDE7A045F0D0A8EB0403082BECDC711EDC
:10375000A04502D87DB90120E7E714F8017B38467F
:10376000FFF738FC0028DFD05F2801D15F2FDBD1C5
:1037700001F8010FECE7681CFEF714FD0328D3D80D
:10378000073615F8011F0029E5D00846FFF722FC8F
:103790000028C9D05F2801D15F29C5D106F8010FE3
:1037A000EFE76A460023EC460A20B7FBF0FE00FB79
:1037B0001E71303102F8011B3946092999467746B6
:1037C00003F1010303D9042BEFD14FF003097E224B
:1037D0008DF808201F4602AA013F1CF8071002F8C6
:1037E000011F002FF8D1C3F10701A045234620D9BE
:1037F0008F4215D309F1020202A9F01909F010F85D
:10380000002DA8D0082115F8010F0028A3D00B29FE
:10381000A1D0FFF7DFFB0028F5D070540131F2E7AB
:1038200018780134FFF7D6FB0028DED0F0550137B9
:10383000DBE7002FDED15F2333700127DAE70000DA
:10384000F8B5EFF3108472B63E4B1B78E3B13E4BF4
:103850001A7802F0FF0332BB3C4A1278402742B389
:103860003B4A127843F0200189B2002A4BD0394EEE
:103870003278002A60D043F0A803374899B203F0A9
:103880004DFC37B3402520E003F0FF02334B3248B4
:103890001A604FF4F47103F03FFC0022304B9A633E
:1038A00084F31088F8BD294A127800274023002AA3
:1038B000D6D1274A127847F02005BAB9254E32787A
:1038C0004ABB47F0A805002B39D12348294603F00D
:1038D00023FC3378002BE0D0224B1B68002BDCD17B
:1038E000214B1B78002BD8D13A22D7E7194E3278DA
:1038F000DAB943F0800145F0080589B2ADB2164847
:1039000003F00CFCE1E7134E337813B947F0880558
:10391000F5E73D460B4643F008030F4845F08005A8
:1039200099B2ADB203F0FAFBCFE743F088030A483F
:1039300099B203F0F3FBC8E73D460B46D9E74021B7
:10394000DDE700BFDB5900201D000020D959002011
:103950001C000020D8590020000C0140CC59002048
:1039600000040040D4590020DA5900202DE9F84F16
:103970003C4A3D4BD2F804A01B78804689461BB1D7
:103980003A4A136801331360394EDFF8E8B0002378
:103990003370394BDBF8001083F80080374B83F825
:1039A0000090374B1B7809EB48001BB1354B1B6867
:1039B00083422FD0FEF7E2FD334F0024DBF80000F6
:1039C0003D6800EB042001F075FC28530234242CE0
:1039D000F4D12E4A234B12682D48012131702D4914
:1039E0005B68A1FB0212920C2B49A3EB0A03B3FB09
:1039F000F2F32A4A036012680B6829485C1C48EA03
:103A0000092803F03F0348EA02420C6040F82320F3
:103A1000BDE8F88F234B244F1C78084684F001043E
:103A2000224904EBC40401EB84214FF4105208F046
:103A3000F7FE154B07EB84071D6807F1200C3C4689
:103A40000FCC644505F1100507F1100745F8100C7F
:103A500045F80C1C45F8082C45F8043CEFD13868B3
:103A60002860B6E7001000E070110020241100204B
:103A7000711100201800002011000020100000200B
:103A80007811002074110020140000205400002040
:103A90004011002083DE1B43180E0020501100202F
:103AA0001C0E0020791100207C110020C411002080
:103AB000F0B5FE2883B00C464DD040F202239A4266
:103AC00005D03A4A13680133136003B0F0BD0846CD
:103AD00001F0F0FBB4F800526DBAABB28342F0D102
:103AE000334B1B78002B57D0324F3E68002E53DBF0
:103AF000314B1B681B789E424EDA304B304A1B78A4
:103B000012789A424DD12F4B2F4A1B7812789A4245
:103B100047D12E4B1B78002B43D02D4B18682146E4
:103B20004FF4007200EB462008F07AFE294B2A4A37
:103B30001B6823F81650294B012119701378591866
:103B400011700BB9264B1E70264A136801360133DB
:103B50003E601360B9E7052AB7D90B6822480822EE
:103B6000CDE9000369464FF6FF7001F08DFBA38895
:103B70005BBA9BB28342A8D1A378002BA5D00E4A92
:103B8000126812789A42A0D318490A480A78013B71
:103B9000013203600A7098E7154A13680133136015
:103BA00093E7144A1368013313608EE73011002045
:103BB000FE040020F80400200C000020110000206A
:103BC000FD04002010000020FC04002071110020E2
:103BD00018000020140000201D0F0020701100208C
:103BE0001C0F002034110020A1A1A1FE1E0F0020F7
:103BF0002C1100202011002008B50F4A13785BB269
:103C000083420ED10D49FF2313700B680C4A013318
:103C10000B6013782BB10B4B1B7813B10A4B1B684D
:103C200003B108BD09484FF4807103F077FA084BDF
:103C300003221A6008BD00BF040000204C110020C0
:103C4000DB590020D8590020D4590020000C014035
:103C5000CC5900202DE9F843234D2B68984236D0EB
:103C6000224FDFF88C80397838F81340DFF88490E1
:103C70005A1CC2F3080206462A6059B9012396422B
:103C8000A9F800403B7022D0D318C3F3080338F8DA
:103C900012402B60B9F80030E31A9BB2D72B06D93B
:103CA000B3F5FC7F15D214490A6801320A60134A41
:103CB0001348116803EB5103B3FBF1F101F0B2FBC0
:103CC0002A68A9F80040012396423B70DCD1BDE888
:103CD000F883A3F54672B2F5D87FE8D206494A6860
:103CE00001324A60E3E700BF04050020FF04002022
:103CF00008050020000500206811002008000020B1
:103D0000E002002010B5EFF3108472B62A4803F0E9
:103D1000CBF84042C0F30800FFF79CFF84F3108803
:103D20002648274A2749284B04684FF0000C82F8A0
:103D300000C042680C601A60244C254A2168254B5B
:103D400012688A1A1968244BC91AB1FA81F1490913
:103D500001F0DEFA002802DB204B40B21870204B45
:103D600022681A601F4A21681F4B11601B68013BC3
:103D70003F2B1CD81D4A1E48127800781D49246824
:103D80000978120442EA00621B48007841EA0441C3
:103D900002431A4C1A482478007841EA042142EA86
:103DA0000022184C184844F8231040F82320BDE89E
:103DB0001040FFF745BD00BF1C0002406811002005
:103DC000DA59002058110020541100205011002011
:103DD000641100200C00002030C9000805000020FC
:103DE000C8590020C4590020381100201D0F0020A0
:103DF0001E0F0020FC0400201C0F0020FD040020EA
:103E0000FE04002020100020200F002010B5FEF737
:103E1000CBFB18B90F4A1368013313600E4A0F4BDE
:103E200011681B680E4C0F48226801F0010C1B043E
:103E300043EA0C23C1F347010B4302F03F0C0A494C
:103E400043F400430132226041F82C300023037018
:103E500010BD00BF28110020741100205011002057
:103E6000180E0020781100201C0E00202DE9F843C8
:103E7000344B354C5E688046237843B1FEF7A2FB95
:103E80000028F9D0FFF7C2FF2378002BF6D12F4886
:103E9000037883F00102EFF3108972B62C492D4F9D
:103EA00002EBC20507EB850701EB8525B8F1000F92
:103EB0002CD10270284A82F80080284A03EBC30301
:103EC000156001EB8325264B1F60264B00221A70DC
:103ED00089F31088244A254B1B78107800EB4300A7
:103EE000234B2946186001232370FEF74FFB214A1C
:103EF000144B126820495B682048A1FB02129B1BEF
:103F0000920CB3FBF2F30360BDE8F883134B4FF45C
:103F100010521968284608F083FC114BBE461F68F2
:103F200007F1200838687968BA68FB68F446ACE89D
:103F30000F0010374745E646F4D13868CCF800004A
:103F4000C3E700BF001000E07811002079110020C5
:103F5000C41100207C1100207111002018000020E5
:103F6000140000207011002010000020110000201B
:103F7000741100205400002083DE1B433C110020FC
:103F80002DE9F04F3E4C3F4D23788BB08DF810302B
:103F90002B788DF811303C4B01911B6805933B4BFE
:103FA0001B6806933A4B1B78002B58D003F0FF0296
:103FB000384B1B7803F0FF01002B52D1364B374FA3
:103FC0001B683C78364EDFF8DCB0DFF8DC808DF81B
:103FD0001C200893A0F1020A00F5FF7900250AE0F1
:103FE0003068DCB24300002833603C7005F1010505
:103FF00028DB082D27D0631E002CF1D10DF10F0313
:10400000D8F800100DF10E0204A801F09DF9274A1E
:104010009DF80F109DF80E0001F0BAF9089AD8F833
:10402000003052880133000410219342306039700F
:10403000C8F8003004D31E4B019AC8F800401A702B
:104040000F24CFE7ADB2DBF8003013FB05F3013BE3
:104050002AF8023FCA45C1D10BB0BDE8F08F01225A
:10406000ACE7144B1A7823789A4201D00A46A5E7A8
:10407000114B1A782B78D21A18BF01229EE700BF85
:10408000DD590020DC590020180000201400002019
:104090001E000020711100200C0000200C090020DF
:1040A0001009002008000020140900200809002041
:1040B00004000020110000201000002010B54FF473
:1040C000806002F03DFF012807D04FF4007002F03D
:1040D00037FF0128044613D010BD04464FF480601A
:1040E00002F03EFF2046FFF787FD0C480021FFF756
:1040F00047FF4FF4007002F023FF01280446EBD184
:104100004FF4007002F02CFF0020FFF775FD2146F0
:104110000348BDE81040FFF733BF00BF1809002077
:10412000180B002008B5402002F00AFF012814D027
:10413000202002F005FF012800D008BD202002F059
:104140000FFF124B1B7803F0FF02D3B9104B9B6893
:104150009B0544BF0F4B1A6008BD402002F000FFD2
:104160000A4B1B7843B90A4B9B689A05E0D5094B6B
:104170004FF480721A60DBE74FF48070FFF76AFD3E
:10418000D6E7BDE808400020FFF764BDDA590020FB
:10419000000C014004050020F8B54FF4007002F057
:1041A00059FF5B4B9C6814F400740CD1594B1B787D
:1041B0004BB1594B1A7832B1584A12781AB9584E45
:1041C000327842B1F8BD564B1B78002BFAD0BDE8CF
:1041D000F840FFF797BD534A534914701B78534A70
:1041E0000C70FF21117003EA0102002B75D0504BB7
:1041F0001B7803F0FF02002B6FD04E4B4E4A19780C
:10420000127891424D497AD0224618784C4B097861
:104210001A704C4B18704C4B1970EFF3108772B634
:104220004A4802F041FEC0F50075FF2D58D84FF402
:10423000007002F085FE002814BF4FF480724FF426
:104240000072434B43491868C5F30803013531F840
:104250001330954203F10103B3FBF0F31C44F3D395
:104260003D4D2B6859883D4B18680901002844D002
:1042700000013B4B1B78CA1A87F31088B4FBF1F39B
:1042800001FB13432D68D31A0344B3FBF1F201FB86
:1042900012332978334AA8881B099A33B3FBF0F309
:1042A00031488B4228BF4FF0FF33136001F0ACF868
:1042B0002E4B2F4A2F491068086000240025C3E9BF
:1042C00000452D4B00221A7001233370FFF7B8FA16
:1042D0002A4A136801331360F8BD164B174994E757
:1042E0004FF4806002F02CFE002814BF4FF40072DF
:1042F0004FF440729542A4D3B2E70846B9E720488C
:104300000A780078121AB2FA82F252097DE700BFE9
:10431000000C0140DB5900201E000020D95900206C
:10432000DA5900201E0F00201D0F00201C0F002056
:104330007111002011000020DD5900201000002024
:10434000FE040020FD040020FC0400203000024098
:1043500008000020180900200C000020140900208B
:104360000C090020F8040020E00200206811002061
:104370005011002064110020FF040020381100209B
:10438000DC59002038B5022002F064FE1F4B1B7878
:10439000002B2DD01E4B1B7853BB1E4B1E4C9D6813
:1043A000237815F0010524D14F2B29D923781B49F7
:1043B0001B4AB3FA83F35B090B701A4B002111708F
:1043C00011221A60FFF73CFA174B1A683F2A0CD8E3
:1043D0001649086821781C682A0241EA004182F4E3
:1043E000807213480A4340F824201A6801321A6088
:1043F00038BD002BDAD02378013BDBB22370D5E740
:1044000023780133DBB22370D0E700BFDB590020F3
:10441000DA590020000C0140DD5900201D00002069
:104420001C000020D4590020481100205011002009
:10443000180D002038B5012002F00CFE1F4B204A59
:104440009B68117803F0010383F00100814225D0BD
:1044500083B11C4B1C491D481C68046000230B7071
:104460001B490B6013701B4B1B780BBBBDE838401E
:10447000FFF7E6B91848134D0168134C013101608C
:10448000124928680860124923704FF4F070012324
:1044900008601370BDE83840FFF7D2B95FFA81FCBD
:1044A00082F800C0002BE1D00A4B1B78002BDDD036
:1044B000FFF728FCBDE83840FFF7C2B9000801400B
:1044C000DB59002050110020D8590020C459002089
:1044D000D0590020DA59002044110020194A08B5AB
:1044E000136801331360FDF7E5FE174B1A681AB124
:1044F0001A68013A1A60BAB1144B1A681AB11A68EC
:10450000013A1A606AB1124B1A684AB11A68013A44
:104510001A602AB90F4B1B7813B10F4B1B784BB99C
:1045200008BDFFF78DF9EEE70C484FF4807102F0FB
:10453000F3FDE1E70A4B01221A70BDE80840FFF7DE
:104540007FB900BF50110020CC590020D459002061
:10455000D0590020DB5900201E000020000C014033
:10456000D85900202DE9F0412B4E2C4A33689B1A74
:10457000B3FA83F35B09834243D0DFF8A48098F851
:1045800000300546002B42D1264C237843B1FEF77C
:1045900019F80028F9D0FFF739FC2378002BF6D161
:1045A0002846FEF7A7F9EFF3108372B65DBB1E4AEB
:1045B000902132601D4A11601D4A002414601D4A7A
:1045C00014701D4A156083F310881C4F1C4E3B6805
:1045D0004FF410521846F62108F0D2F8034600E0D6
:1045E0003B68356803EB042000F064FE2853023476
:1045F000242CF5D1134A012388F8003013680133C5
:104600001360BDE8F081054A4FF49071D1E70120B5
:10461000FFF72CFCB8E700BF0C00002030C90008F1
:10462000701100207811002038C90008080000200F
:10463000140900200C09002060110020180000203F
:10464000140000205C110020014B40B2187070472C
:10465000050000202DE9F0438BB0FDF755FFEFF387
:10466000108372B6002800F07481BB4C4FF4907137
:10467000BA4ABB4D1460BB4A1160BB49BB4A002417
:104680002C600C70106083F31088B948012102F08F
:1046900090FAB848012102F08CFA01214FF4C010C1
:1046A00002F087FA0121B44802F03AFD05A802F0B1
:1046B0002BFD182240F20313B048ADF8192005A9CC
:1046C000059302F0CDFC40F21123AD48059305A9F6
:1046D00002F0C6FCAA484FF4F47102F01DFDA94A8D
:1046E000A7484FF4F47305A9CDE9053202F0B8FCF0
:1046F00021462046FFF73AF9A34BA44A1B68A2FBC8
:1047000003239B09013BB3F1807F09D24FF0E022E4
:104710009F495361F02381F823300723946113618B
:104720009C48DFF858829C4F012102F042FA012197
:104730004FF4A01002F03DFA03A802F0E5FC80233C
:104740000024039303A94FF484734046ADF812305C
:104750008DF8104002F084FC21463846FFF710FC2B
:1047600007F500700121FFF70BFC224639888B48C2
:1047700002F012FE2146894802F015FE0121874809
:1047800002F09FFE01A8012502F0F6FD062601AA0F
:1047900082488DF8075002218DF809508DF8046089
:1047A00002F006FE22467D48022102F07AFE2A46E9
:1047B00002217A4802F08AFE794802F04FFB05A8F0
:1047C00002F0DCFB774B069705930327764B744882
:1047D00007934FF0013905A9CDF821908DF8257088
:1047E00002F0D3FB39467148472202F06DFB2A469E
:1047F00031466B4802F05BFB224621460D2002F059
:10480000E5FC2946664802F05AFB2A4663484FF405
:10481000807102F0FEFE2946604802F0A8FD29469C
:10482000634802F0C6F922466249634800F0F2FD8F
:10483000224662484FF6FF7102F0AEFD21465F4806
:1048400002F0B1FD03A802F0A0FD22465C4B5B48DC
:10485000039303A902F054FE5A4802F0FFFA05A898
:1048600002F08CFB584B0593584B069305A94FF06B
:10487000007354480793CDF821908DF8257002F00D
:1048800084FB4A483822022102F01EFB2A463146A8
:104890004C4802F00CFB224621460C2002F096FC0C
:1048A0002946484802F00BFB2A4644484FF4007161
:1048B00002F0AFFE2946414802F059FDD8F8083011
:1048C000434ADB432B4013701378A342414B0CBF88
:1048D00022464FF4F0721A60FEF7B2FF29464FF4F9
:1048E000C01002F066F92146204602F035FC294648
:1048F000204602F031FC0921284602F02DFC05A8D3
:1049000002F074FB40F20123069305A84FF4817373
:10491000ADF81C308DF8144002F06EFB022305A8A0
:1049200006938DF81C4002F067FB2246294630466C
:1049300002F04CFC22462946072002F047FC2246A2
:104940002946172002F042FC234B1D700BB0BDE836
:10495000F083224C90218BE630C900080C00002027
:1049600014090020080000200C090020601100201C
:104970000200180003001800020310300008014074
:10498000000C01400004100254000020D34D6210BE
:1049900000ED00E001001C001809002000040040A8
:1049A000300002402C0400401000000200000240D1
:1049B0000B001800B13A0008E0020020002C014072
:1049C000000101001C000240342C014008050020B9
:1049D000DB590020D05900207211002038C900088E
:1049E00070B5344C237843B9334B344A9B68C3F3D6
:1049F000001383F00103DBB21370314D2B78002BD1
:104A000039D1304B1B7813B92378002B2DD0237864
:104A100053BB2D4B1B783BB32C4B1A78120609D491
:104A20001878A0F10100B0FA80F0FF2240091A7056
:104A3000FFF798FD264B2149264A1B780C781278FF
:104A40009A42DEB2E4B208D0234B1B78D3B9214698
:104A50003046BDE87040FEF789BF204B1B78A3426B
:104A6000F2D11D4B1B78B3B970BD2B78002BCED182
:104A7000FDF7D8FECBE7FDF7A5FD0028C1D0FFF775
:104A8000C5F9BEE70020FFF7F1F921463046BDE841
:104A90007040FEF76BBF2B78002BE5D1104B114A0D
:104AA0001B6812689B1A642BDED9BDE87040012098
:104AB000FFF7DCB9DA590020000C0140DC59002076
:104AC00078110020DB5900201E0000200500002086
:104AD000DD5900201100002070110020100000207E
:104AE00050110020C85900202DE9F84F294D2A4FB8
:104AF000D5F80080DFF8A490DFF8A4A0294E044682
:104B000007E00CB1A047F8B94AF6AA233360FFF7D3
:104B100067FFEFF3108B72B63B7863B999F80030FA
:104B200040F2DB5203F0FF012BB92B68DAF80000EA
:104B30001B1A93420BD88BF310882B6843F69822EC
:104B4000A3EB08039342DCD90020BDE8F88F164898
:104B5000164B0170164A1970164B01241470196017
:104B6000FEF76EFE8BF31088134B1B7873B9134C52
:104B7000237843B1FDF726FD0028F9D0FFF746F969
:104B80002378002BF6D10120BDE8F88F2046FFF7EF
:104B90006DF9ECE750110020DB590020DA590020B4
:104BA000C4590020003000401E000020D8590020C9
:104BB0001C000020D0590020701100207811002026
:104BC00010B40D4C0D480E490E4A4FF0000C84F8FD
:104BD00000C001234FF0FF0C80F800C00B7010786C
:104BE00009490A4A10BC00280CBF00204FF4F0709D
:104BF00008601370FEF724BE711100201100002020
:104C00001C000020DB590020D05900201E0000208D
:104C100004480549054A002303700B701360FEF732
:104C20000FBE00BF1E000020D8590020D059002020
:104C30000B4B1B783BB10B4B1B7803F0FF0063B9A8
:104C4000094B1B7853B9094B09481B7883F00103C2
:104C500003EBC30300EB832070470020704700BFC5
:104C6000721100201E000020781100207911002010
:104C7000C4110020BFF34F8F0549064BCA6802F4E8
:104C8000E0621343CB60BFF34F8F00BFFDE700BF6F
:104C900000ED00E00400FA0510B504460120FDF720
:104CA000FBFAA04704460020FDF7F6FA144B154A1C
:104CB0001C601368072C03F101031360124B0CD125
:104CC0004FF4C8721A600323104AD35C104A136071
:104CD000104B01221A70204610BD082C04D14FF44D
:104CE0007A721A600423EFE750221A602CB1231F56
:104CF000DBB2042BE8D90C23E8E72346E6E700BF44
:104D0000FC590020F85900202000002026C9000886
:104D1000F0590020EC5900202DE9F04FA64BA74A8E
:104D20008BB09A60BFF34F8F6B46A54A403B4FF064
:104D3000A5319A42C0F08280A24BA34A1A60A34BCD
:104D4000A34A9E491A44A34BD21A22F00302002020
:104D500000F0A2FEA04B1860FEF736F8032002F028
:104D60006BFAFDF7B9FA01219C4801F022FF05A872
:104D700002F0CAF94FF4C0730593002398488DF8E8
:104D80001A3005A918238DF8193002F069F9954BEE
:104D9000954A596A11605A6A42F080725A62FDF768
:104DA0000BFB00F0FBFB00F0F5FD0746002848D1A7
:104DB000FFF750FCFFF72CFF00F0F8FE8B4D8C4CFA
:104DC000142200210DEB020007F0DAFC4FF000097D
:104DD000D5F800A0CDF80890CB46864B4AF6AA221B
:104DE0001A60FFF7FDFD00F01DFF2B68029A9B1A69
:104DF000B3F57A7F11D32B680293002007F01EFDD4
:104E0000033020F003000023C158B1F1A53F1A463A
:104E100003F10403F8D0784B1A60784BD3F8008084
:104E20002368022B14D1764B984511D10020FFF74F
:104E30005BFE08B1FDF79CFDFFF71CFF42F8041B69
:104E400077E701F0B5FDFDF7D1FDFFF703FCB3E710
:104E50002368012B08D16B4B6B4918684FF4007223
:104E600000F01AFC0023236000F0E2FE674B0646C8
:104E7000186020B9BBF1000F01D001F065F923687B
:104E8000052B13D15E4B984510D1614B1A68002A4F
:104E90000ADD1A68B2F5007F06DC1A6822B1594BA8
:104EA0005949186800F0BEFC002323602368062BD4
:104EB0000BD1534B984508D1524B1868003818BF96
:104EC0000120FFF7C1FB002323602368042B05D0DA
:104ED0002368032B20D14A4B98451DD14D4BDFF859
:104EE00030B14C49002283F843202068C31E584249
:104EF0005841444B1A68DBF80030B3F5007FD4BF4B
:104F0000DBF800304FF4007300933F4B01F0E4FCFA
:104F10000023CBF800002360FDF746FA834600200B
:104F20002B6853452DD19DF824B0D94506D0039068
:104F3000BBF1000F2ED0FDF795F90398304B984543
:104F4000354B0CD11A68012A1A6808BF0220022AC0
:104F50001A6808BF0120032A08BF4FF4807000229E
:104F60001A60002F62D0022817D12C48FFF794FE58
:104F7000D5F800A0FDF718FA014605A8FDF714FFC3
:104F800054E00AF1010A0028CAD1594605A8FDF7E4
:104F9000D1FEC5E7FDF76EF9CFE7012801D1204822
:104FA000E4E7B0F5807F3FD11E48FFF775FE00288B
:104FB000DED1FDF75FF93FE700ED00E000200008DB
:104FC0008C6D0020045A0020000101000FB0000089
:104FD00070000020000000205C5C0020040018002D
:104FE0000010014000100240605C002050110020C1
:104FF000505C002000300040E0590020645C00203C
:105000003412FE5A545C00204C5A0020F4590020FF
:105010004C5C0020085A0020005A0020556100080E
:105020002D640008B16600080028A1D1FDF7C2FA7E
:105030001D4B18601D4B1A7822B100221A701C4BB0
:105040002A681A60DFF86C80D8F80030CBB1184AB3
:105050002B6811685B1A002B0DDB174B1B680B4488
:105060001360FDF70FF9D8F80030013BC8F80030A5
:105070000BB9FDF7FFF80120D946FDF7E1F8B3467B
:10508000ABE65FB90D4A2B6811685B1A002BF2DBA7
:105090002B6864331360FDF7F5F8ECE7FDF78AFA47
:1050A0000028EFD1E7E700BF585C0020EC59002052
:1050B000E8590020F059002020000020E459002089
:1050C00038B50368027941EA4301044601601AB326
:1050D00083790133DBB20F2B1CD90023012A8371A2
:1050E0002DD0B0F808E00EF1010292B2028189B22F
:1050F0000E2041FA00FC0CF0010C02384CEA43038C
:10510000851CDBB2F5D1A6448EF80C30638993423E
:105110000CD038BD837138BD89B244F289439942BD
:10512000F7D140F201138380827138BDD4E98453F2
:10513000E07904F10C01A8470023237138BD88B23F
:1051400044F28942904265791AD089B20E2241FA1E
:1051500002F000F00100023A40EA4303901CDBB287
:10516000F5D1002DE8D0FE2B0DD0FB2BE4D140F281
:10517000022102220020E37122712081618138BD69
:105180000135657138BD0621F3E700BF30B504690C
:1051900083B0002C4BD0B4F804C094F800E09239EE
:1051A000B1FBFCF474453ED20CFB14110B2932D92F
:1051B000A1F12C0CBCF10B0F2DD90E293CD9A1F17A
:1051C000380EBEF1020F37D9152928D82C4B00888C
:1051D0000093013402231329ADF804008DF8064032
:1051E0008DF807303CD9274D6C460DF1070C44F281
:1051F0003B4314F8010F80EA13201B0235F810001E
:105200009BB2A44583EA0003F3D1142908BF1B0A0B
:10521000DBB2137001E00023137003B030BD40F225
:1052200011239C4510D94E23137003B030BD4FF0AD
:10523000120E40F2922CB2E7A1211170027B82F093
:1052400001021A7003B030BD3B2916D0B1F50F7FB3
:105250000BD3836833F8143008BF1B0A1370DCE7E4
:10526000694411F80C3C1370D7E7436803EB4423FF
:105270000B4413F83C3C1370CFE7FB231370CCE7CF
:10528000A1A1A1FE40C900088AB110B40139084C9F
:105290000A4411F801CF8CEA102C030234F81C00E8
:1052A0009BB2914280EA0300F3D110BC7047704773
:1052B00040C90008144A154910B54FF0440C864601
:1052C000D41C44F23B4012F8013F83EA0C03000275
:1052D00031F8133080B25840030AA2429C46F2D102
:1052E0000EF1FF320EF2FF1E00E0030A12F801CFAA
:1052F00083EA0C03000231F8133080B2724580EA71
:105300000300F2D110BD00BF2CC9000840C900083D
:10531000952A0ED951B94368642B0AD90268B3EBB8
:10532000C20F8CBF01204FF0FF3070470368642B21
:1053300002D84FF0FF3070474268B3EBC20F94BF02
:105340004FF0FF300020704770B591294FF00006F4
:105350001E7011D89E46A1F150030F2B10D85B2967
:1053600014D95F290FD0C2231370037B83F001038C
:105370005B008EF8003070BDBDE87040FFF706BFDF
:105380004E23137070BDFC23137070BD167070BD7A
:10539000012984462AD002292ED01168430843EA05
:1053A000C1130343DB43DBB200B540F60F714CEA97
:1053B0000C1E43EA03130B4001EA0E0143F23330A3
:1053C00043EA830341EA8101034001400D4843EA77
:1053D000430300EA430041EA410145F255531940B5
:1053E0000CF00103084313605DF804FB0CF00103AB
:1053F00044F28940136070470CF0010345F2242009
:1054000013607047AAAAFFFF0023036083808371A3
:10541000836070470023C0E9841203608380837136
:105420008360704738B58B1E022B05460CD84C1E86
:1054300000212846FFF744FE013CF9D1284601210E
:10544000BDE83840FFF73CBE0023838083710360D2
:10545000836038BD38B5104C054601E0013C18D0DA
:105460000E48022101F07DFF0028F7D00B480A4CBE
:10547000294601F071FF01E0013C0AD007480121F3
:1054800001F06FFF0028F7D0044801F067FFC0B2B9
:1054900038BDFF2038BD00BF40420F00003800403B
:1054A00038B50E4D01E0013D13D04FF480510C484A
:1054B00001F034FE0520FFF7CDFF0020FFF7CAFF03
:1054C0004FF480510446064801F026FEE307EAD473
:1054D00038BD044B01221A7038BD00BF80841E0005
:1054E000000C0140685C002038B504460D461648A3
:1054F0004FF4805101F012FE0620FFF7ABFF124877
:105500004FF4805101F008FE4FF480510E4801F035
:1055100005FE0220FFF79EFFC4F30740FFF79AFF46
:10552000C4F30720FFF796FFE0B2FFF793FF28468A
:10553000FFF790FF04484FF4805101F0EDFDBDE806
:105540003840FFF7ADBF00BF000C0140014B187899
:10555000704700BF685C002070B54FF480510E4862
:1055600001F0DCFD9F20FFF775FF0020FFF772FFC1
:1055700006460020FFF76EFF04460020FFF76AFF93
:10558000240205464FF48051034844EA064401F0E2
:10559000C3FD44EA050070BD000C014010B537485A
:1055A00082B0012101F005FB0121354801F001FB2A
:1055B000684601F0A9FD334B33484FF480546946E7
:1055C000CDE9004301F04CFD21462F4801F0A4FD38
:1055D0004FF42042082369462B4800928DF806308C
:1055E00001F03EFD4FF480421823694626480092A0
:1055F000ADF8053001F034FD684601F02FFE234B75
:10560000009369464FF080732148019301F031FE09
:105610001F48012101F096FE1D48012101F097FE6F
:105620002146194801F07AFD0620FFF713FF2146B5
:10563000154801F071FD2146134801F06FFD50201F
:10564000FFF708FF2146104801F066FD21460E488D
:1056500001F064FD0120FFF7FDFE0020FFF7FAFED8
:105660002146094801F058FDFFF776FF094BC01AA3
:10567000B0FA80F0400902B010BD00BF030018006E
:105680000E001C0000041002000C0140000101008B
:10569000003800404125BF0070B5154606460C464F
:1056A000FFF7FEFE4FF48051104801F037FD032054
:1056B000FFF7D0FEC6F30740FFF7CCFEC6F3072086
:1056C000FFF7C8FEF0B2FFF7C5FE3DB1254400204C
:1056D000FFF7C0FE04F8010BA542F8D1BDE8704009
:1056E00002484FF4805101F017BD00BF000C01408B
:1056F00010B50446FFF7D4FE4FF48051124801F074
:105700000DFD0620FFF7A6FE0F484FF4805101F073
:1057100003FD4FF480510C4801F000FD2020FFF7FD
:1057200099FEC4F30740FFF795FEC4F30720FFF787
:1057300091FEE0B2FFF78EFEBDE8104002484FF444
:10574000805101F0E9BC00BF000C014010B54FF4DE
:105750008051094801F0E2FC0520FFF77BFE0020A4
:10576000FFF778FE4FF480510446034801F0D4FC63
:1057700004F0010010BD00BF000C014010B504464C
:10578000FFF78EFE4FF48051134801F0C7FC06204E
:10579000FFF760FE10484FF4805101F0BDFC4FF45C
:1057A00080510D4801F0BAFC2020FFF753FEC4F3EE
:1057B0000740FFF74FFEC4F30720FFF74BFEE0B2B0
:1057C000FFF748FE04484FF4805101F0A5FCBDE806
:1057D0001040FFF765BE00BF000C014008B5FFF7A1
:1057E0005FFE4FF480510E4801F098FC0620FFF751
:1057F00031FE0B484FF4805101F08EFC4FF4805184
:10580000074801F08BFC6020FFF724FE04484FF4AA
:10581000805101F081FCBDE80840FFF741BE00BFA8
:10582000000C01402DE9F047164607460D46FFF7EC
:1058300037FE002E00F09780FB0700F19680012EC6
:1058400000F089802B78FF2B03D16B78FF2B00F0C1
:105850009B802C46AE464FF0000C4FF0010908E04B
:10586000B6EB430F0CF1010C0EF1020EC0F0878075
:10587000994615F81C2009F10103FF2A4FEA43025B
:10588000EED19EF80110FF29F046E9D14FEA4C0A0B
:10589000E1464FF480513E4801F040FC0620FFF7FE
:1058A000D9FD3B484FF4805101F036FC4FF4805154
:1058B000374801F033FCAD20FFF7CCFDC7F30740BC
:1058C000FFF7C8FDC7F30720FFF7C4FDF8B2FFF7E5
:1058D000C1FD2878FFF7BEFD6878FFF7BBFD2C48B7
:1058E0004FF4805101F018FCFFF7DAFDB9F1010F18
:1058F0001AD9023D05EB49054FF48051244801F0C7
:105900000DFCAD20FFF7A6FDA078FFF7A3FDE07822
:10591000FFF7A0FD02341E484FF4805101F0FCFB5C
:10592000FFF7BEFDA542E7D14FF48051184801F0C2
:10593000F5FB0420FFF78EFD15484FF4805101F070
:10594000EBFBFFF7ADFD5744A6EB0A064546012EDB
:105950003FF678AF3EB12978FF2904D03846BDE83C
:10596000F047FFF7C1BDBDE8F0872978FF2902D0D5
:105970003846FFF7B9FD013E01370135E7E7A2F1EF
:10598000020A05EB0A0884E702370235023EDEE729
:10599000000C014030B589B0FFF7DEFD3B4B98426B
:1059A00062D10DF10F02002383F0A5010133102B0A
:1059B00002F8011FF8D13648FFF7E0FEFFF770FD4F
:1059C0004FF48051334801F0A9FB0320FFF742FD5B
:1059D0001F20FFF73FFDF020FFF73CFD0020FFF701
:1059E00039FD6C4604AD0020FFF734FD04F8010BCF
:1059F000AC42F8D127484FF4805101F08DFB6B4643
:105A000013F8012BFF2A2FD19D42F9D110222048F3
:105A10002946FFF707FFFFF743FD4FF480511D486C
:105A200001F07CFB0320FFF715FD1F20FFF712FD9F
:105A3000F020FFF70FFD0020FFF70CFD6C46002063
:105A4000FFF708FD04F8010BAC42F8D111484FF400
:105A5000805101F061FB009A23689A4207D001202F
:105A600080F0010009B030BD002009B030BD019ABE
:105A7000059B9A42F3D1029A069B9A42EFD1039A70
:105A8000079B9A42EBD10020EAE700BF4125BF0007
:105A900000F01F00000C014010B50B4CC0430A443D
:105AA000914201D1C04310BD11F8013B584000F0B4
:105AB0000F0354F8233083EA101303F00F0054F857
:105AC000200080EA1310EBE740CB000870B51549C1
:105AD0000822054606F044FE0646F8B90822124997
:105AE000A81806F03DFE0446D0B92B69012B12D14F
:105AF0002C222946FFF7D0FFEB6A98420BD1AB6905
:105B00004CF6F862A3F10801914204D803F00303B4
:105B1000B3FA83F4640904F0010070BD0024FAE7CD
:105B20003446F8E7C2C80008CBC80008036802463C
:105B300003F160400138B0F5004F12D213F00300BA
:105B40000FD1536813F001020DD0084A93420BD9CC
:105B500001F1006101F50051994294BF002001203C
:105B60007047002070471046704700BF00200008B3
:105B700000207047014B002018707047695C0020BE
:105B80000020704700207047024B01221A7000204D
:105B9000704700BF695C002000207047FCF750BBD5
:105BA000014803F05EB900BF6C5C00201FB5012105
:105BB000164800F0FEFF02A801F0A6FA4FF4C05309
:105BC000002402A9029312488DF80C404FF484730C
:105BD000ADF80E3001F044FA204601F02DF9052011
:105BE00001F038F80B48012100F0E3FF22460221C2
:105BF000432001F0EBFA084B00932246074B08487C
:105C0000012101F021FF04B010BD00BF0200180007
:105C1000000801400C001400240000205C0000205B
:105C20006C5C0020014802F029BA00BF705C0020C3
:105C3000054B1B7803F0FF002BB1044BD3F8A804ED
:105C4000003818BF01207047695C00206C5C0020A0
:105C500008B5FFF7EDFF38B1044BD3F8400118B198
:105C6000006908B1D0F8A00008BD00BF6C5C00203E
:105C7000014608B5034803F035FD003818BF012080
:105C800008BD00BF705C0020FFF7F2BFF7B50E46FD
:105C90001146089A0746501843F1000500230124D5
:105CA000834274EB050512D3FFF7D2FFB0F5007FF6
:105CB0000FD1094B4AF6AA201860084800973346CE
:105CC00003F056FD003818BF012003B0F0BD0420DA
:105CD000FBE72046F9E700BF00300040705C002081
:105CE000F7B50E461146089A0746501843F10005CD
:105CF00000230124834274EB050512D3FFF7A8FFAC
:105D0000B0F5007F0FD1094B4AF6AA201860084869
:105D10000097334603F074FD003818BF012003B02C
:105D2000F0BD0420FBE72046F9E700BF003000404B
:105D3000705C0020081E18BF012080007047000022
:105D400038B5134C207868B9124D2B8853B1124BDB
:105D50001A6842B1114A12681B689A4203D30123A0
:105D60002370207838BDFCF71FFB2B8818400C4BA4
:105D70000CD01A680B4922B90A6842F001021A6075
:105D8000EFE70B689B1A312BE9D8EAE71860E8E7E0
:105D9000D0630020D8630020DC630020F867002077
:105DA000D4630020501100202DE9F04F2A4D2B4ED6
:105DB000D5F8008008F5895185B0074601221831D1
:105DC000304605F055FC0446002841D1D6E904B917
:105DD000D7F814A0394602A8FDF769FBA14508BF12
:105DE000D34533D101AA02A94046FDF767FB04461B
:105DF00020B9039CB4FA84F4640904E0FFF7A0FF1F
:105E000040B14FF0FF34154805F0B5FF204605B00E
:105E1000BDE8F08F2968019801F63851FCF77AFB4C
:105E200029686B46224601F63871304605F05AFD66
:105E30000028E6D1009AA24208D1286800F63871FD
:105E400000F6385006F08CFC0028CBD00024DAE7AE
:105E50004FF0FF34DAE700BFE06400204065002027
:105E60002DE9F04F3E4FD7F8009009F58951CDB09C
:105E7000064606223B48183105F0FAFB0446002886
:105E80006CD10DF1080831464046FDF710FBDFF8F4
:105E9000D8B00DF1040A524641464846FDF70EFBC4
:105EA0000546002830D12F4805F065FF3D6805F50F
:105EB00089551835002847D1002C46D1D8F8043030
:105EC000002B49D14FF49072214604A806F058FCEB
:105ED000F389ADF8183004A9338AADF81A30284692
:105EE00006F0EEF93046FFF75FFF012830D0386842
:105EF00000F58950183006F0D3F81C4B1B78002BA6
:105F00000CBF0524082423E0FFF71AFFC0B9396845
:105F1000DAF8000001F63851FCF7FCFA396811484C
:105F20006B462A4601F6385105F097FD50B9009AA4
:105F3000AA4207D1DBF800301344CBF80030AAE7BF
:105F40000824B0E70224AEE70224284606F0A8F8A9
:105F500020464DB0BDE8F08F0324F6E70224F7E7B2
:105F6000E064002040650020F8670020D063002036
:105F700008B5FFF75DFE88B1FFF76AFEB0F5007F58
:105F800001D0072008BD06490648012205F04EFB56
:105F90000028F7D00D28F4D00220F3E70120F1E724
:105FA000D4C80008A065002070B50023CC5C202C6C
:105FB00003D0C4540133082BF8D102B35F25632A00
:105FC000C55403F1010410D96425B2FBF5F5303551
:105FD00005559C1C0A25B2FBF5F3B3FBF5F605FB52
:105FE000163330330355013401E0092AF2D80A256B
:105FF000B2FBF5F605FB162230320255631C0A7A15
:10600000202A0ED02E22C254C4181D1D0731013380
:1060100011F8012F202A04D00133AB4204F8012FDC
:10602000F6D10022C25470BDF0B5013810F8013F1E
:106030000E46BBB1A3F1410411F8012BE4B2192CB7
:1060400098BF03F12005A2F1410794BFEDB21D46B0
:10605000192F9CBF2032D2B2AA42E7D0192C9CBF84
:106060002033DBB23078A0F14102192A9CBF2030E6
:10607000C0B2181AF0BD00002DE9F04129492A48A4
:1060800005F07FFF044600284AD1284E27492648BC
:1060900005F0C3FF28B1244805F0B6FF2046BDE84F
:1060A000F081B37E002BF6D0327B12F01607EDD1D3
:1060B0002E2BEBD01E491F48FFF7B6FF0028E5D076
:1060C000D6E90085FCF720FA1B4B1C4A002818BFB4
:1060D0001346434577EB0505D8D3164B727B184919
:1060E000A3F10D05002A08BF1D462846FFF79CFFB7
:1060F0000028CBDD64B113494B7B01F11A020D314D
:10610000002B08BF11462846FFF78EFF002805DA4E
:1061100006490C484FF4907206F082FB0124B5E763
:106120000024BBE7D7C80008E86400209061002085
:10613000DEC80008AA610020003E160000240B0003
:10614000E0630020B0620020014B00221A7070470B
:10615000E06300202DE9F04FA64A00238FB01360C2
:10616000A54A1360FFF704FF044660B9FFF784FFF8
:1061700068B9A24B1C70FFF77FFF40B92246A049C7
:1061800005F054FA042420460FB0BDE8F08F9D4A74
:10619000DFF874A2DFF874B29D4802231380002355
:1061A000CAF800308BF80030FEF79EFC054658B95F
:1061B0009349024605F03AFA924BCAF800501D8006
:1061C0008BF800500624DEE7FEF732FD914F8B4935
:1061D0003860054600F591500E3006F019FBFCF7CB
:1061E00057FBFCF791F98C498C4E02462846FCF788
:1061F0003BFF06F11A09727B894B002A08BF4B4608
:10620000002105AA18460393FDF773FAB0B94FF0C1
:106210000108039805AA4146FDF76BFA002859D1F9
:1062200008F10108B8F1640FF3D1737B7C4973481E
:10623000002B08BF494606F0EBFA46E005A92846C0
:10624000FDF742FA0028E2D131682846FCF71EFF2C
:1062500000284DD03B68734903F63878404606F075
:10626000D7FA727B6E4B4046002A0CBF494619464E
:1062700006F08EFA316804AA2846FCF729FF0028A8
:1062800055D069480122414605F0F2F900284ED167
:10629000D6F80080B8F1000F23D1634805F06BFDFC
:1062A000738900933389326805A92846FCF738FFC3
:1062B000727B5B4B5148002A0CBF4946194606F0D9
:1062C000A7FA4D4A136801331360FFF7D5FE002883
:1062D00091D10DE005A92846FDF7F6F900289FD1D8
:1062E000B2E7FFF72DFD90B14F4805F044FD0824BB
:1062F0002846FCF76BFF002C45D0FCF7DFFA396825
:106300003E4801F591510E3106F082FA60E039689D
:10631000454801F6385108AB4FF4007205F0E2FA37
:10632000014608B9089B23B93F4805F024FD022423
:10633000DEE73A68049802F63852FCF701F904984F
:106340003968431C01F638710493FCF7E3F83868A8
:10635000089A039200F6385100F6387006F000FAF9
:10636000039A20B1304805F006FD0524C0E7214915
:106370000B68424598BFA8EB02081A4488BFA8EBF7
:1063800008080A6086E7B5F80E803D68224928466D
:10639000FCF7B0FF58BBFCF791FA0524AFE70D9965
:1063A0002846FDF77CF8BDF82C1006460246284624
:1063B000FDF743F98642EED809F1010908A92846FC
:1063C000FDF700F80028EAD1C145E4D1FCF776FAE0
:1063D000002210460A4905F029F9FEF7F1FB094AA7
:1063E00000231380CAF800308BF80030CBE6A146BA
:1063F000E4E700BFF8670020FC670020E0630020AE
:10640000D4C80008D8630020D4630020D0630020E3
:10641000415D0008E064002080C80008B0620020F0
:10642000BD620020D7C80008406500202DE9F04F6C
:10643000954ADFF858B28BB000231360CBF80030D8
:10644000FFF796FD0446A0B9914A924D01231380AF
:10645000914B287018609148FEF746FB68B92246B8
:106460008F4905F0E3F88A4B2C701C808A4B1C6026
:10647000062420460BB0BDE8F08FFEF7D9FBDFF80D
:1064800024828949C8F800000746FCF733FF00283A
:1064900000F0EE80D8F80050844905F58950183096
:1064A00006F0B6F905F58053032205F58E5083F802
:1064B00026221630FDF72CF8A2462546FFF740FCB1
:1064C00088B10824724B764900221A80724B1A60F8
:1064D000704B10461A7005F0A9F80CB9FCF748FA91
:1064E000FEF76EFBC5E7D8F8006002900A2303FBB5
:1064F00005F9721941F2262309F58E511631D35C44
:10650000019304AA31443846FDF719F8029B50B9AB
:106510004E4441F2DE13F35C002B18BF0324013D0F
:10652000D0D3A246CAE79DF81B6016F0100654D0DF
:10653000062D00F39B801A4641F23816D8F8003039
:1065400003EB060ACDE90223019B04A90AEB030031
:10655000FFF72AFD039B504603F6387105F081FDD5
:1065600030BBD8F80030029A93F8443F13F0100F74
:106570002ED0D8F8006041F2381A06EB0A00FBF77B
:1065800011FE431C30442F2200F80A20F21800218B
:10659000013502F80A10711941F2262238468B544F
:1065A00009F58F51BDF81C203144FCF7B6FFB8E760
:1065B000042806D1D8F80000304405F0CBFD0028AF
:1065C000D7D0344B1B78002B7FF47BAF022479E7C4
:1065D0000132B2F57A7FB1D1F3E709993846FCF779
:1065E0005EFFBDF81C10044602463846FDF725F84C
:1065F00084423FD82B4C2368029303F58959019BB1
:1066000009F1180909EB0300324604A9FFF7CCFC95
:10661000029B484603F6387105F023FD04282CD070
:106620000028CED1236893F8441F11F0100104D044
:106630000136B6F57A7FDED1C3E7D3F8382F099853
:1066400003F5746353F8043C8B4208BF8242EFD1D8
:1066500004A8FFF7A9FB431CB3D00128E8D1DBF85D
:1066600000300133CBF8003054465AE7032458E792
:10667000032427E74FF0030AF6E704A8FFF7F0FB2F
:1066800004460028EBD01DE7F8670020FC670020D7
:10669000D8630020D0630020D4630020415D00084F
:1066A000D4C80008E064002080C80008D7C80008EB
:1066B0002DE9F047DFF80482814D8EB00023C8F841
:1066C00000302B60FFF754FC0446064680B9DFF823
:1066D000F4917D490122484604F0CAFF044658B1AE
:1066E0007A493246304604F0A1FF042C18BF022438
:1066F00020460EB0BDE8F0876B46302202A948461E
:1067000005F0F0F8044648B103246E4805F033FB69
:1067100000226E49104604F089FFE9E7009B302B08
:10672000F2D102A8FFF7D2F90028EDD0D9E904127E
:10673000089B3033A24208BF9942E5D12046FEF7BC
:10674000D3F9002800F0B780FEF772FA604EA24637
:106750003060089FA74226D8099B9A454AD15D4FD1
:106760004FF4F914204604F58054FFF707F8BC42B3
:10677000F8D154483022002305F00CFB04460028D1
:1067800040F097808146089F4F4535D84FF000086C
:10679000C146089F474555D8099B99456ED00524A9
:1067A000FEF70EFAB1E73F1BB7F5007F316828BF4F
:1067B0004FF4007701AB3A4601F63851484605F0F0
:1067C00091F8002875D1019B9F4272D154B1316874
:1067D00050463A4601F63851FFF75EF9019B824672
:1067E0001C44B6E73068089900F63850FFF79EF968
:1067F0000028ECD10324D3E7A7EB0907B7F5007F06
:106800003168304828BF4FF4007701AB3A4601F6B3
:10681000385105F067F800284BD1019B9F4248D1C1
:10682000316809F5F9103A4601F6385100F58070E3
:10683000FEF7F8FFD8F800303B44C8F80030019B61
:106840009944A0E7A7EB0807B7F5007F316828BF98
:106850004FF4007708F5F9103A4601F6387100F563
:106860008070FEF719FF316848463A4601F63871E4
:10687000FFF712F908F5007881468AE7302202A96D
:106880004FF4F910FEF7CEFF3168302201F638716F
:106890004FF4F910FEF700FF3068302202A900F62D
:1068A000387005F05DFF00287FF479AF01232B607D
:1068B0002BE7022474E7062427E700BFF8670020CF
:1068C000FC67002040650020DBC80008D4C8000831
:1068D000E064002000F01F002DE9F04192B00C466A
:1068E0000646002117461D4640222D4B019302A863
:1068F000DDF8608005F044FF002320460093FBF79D
:1069000051FC402840D8214601A805F041FFFFF77F
:106910008FF900283BD023492348012204F086FE4A
:10692000002837D15EB3002F0CBF0A2202221F4875
:1069300001A904F09DFE0446B8B903463A461B4837
:1069400005F028FA044638B918486B4642462946ED
:10695000BEB105F082F80446144805F00CFA20B1E7
:10696000012C204638BF0120C4B200220D49104638
:1069700004F05CFE8CB9009812B0BDE8F0810122F1
:10698000D5E704F0AFFFE6E76FF00300F4E74FF060
:10699000FF30F1E76FF00100EEE76FF00200EBE788
:1069A000303A2F00D4C80008A065002040650020C0
:1069B00000B58DB04FF4F91030226946FEF76CFE39
:1069C0006846FFF783F858B1069A07490020FFF799
:1069D00063F8079B984203D14FF4F910FEF7CEFEFF
:1069E0000DB05DF804FB00BF002000081A4B1B49E6
:1069F000DA6942F08052DA6191F8502042F00402E4
:106A000081F85020DA6922F08052DA611A6842F087
:106A100001021A601A689207FCD55A6822F0030234
:106A20005A605A6812F00C0FC2F38101F9D11A684A
:106A300022F0867222F480321A6041F61072596098
:106A4000DA624FF480121A634FF41F029A60044B0B
:106A50004FF000629A6070470010024000700040E2
:106A600000ED00E038B500F04BF9294C18B10228D0
:106A700014D0284809E0636D9A05FAD5236B26489F
:106A800013F0007F234B08BF18466368234AC3F303
:106A90000313D35CD840224B186038BD6368E26AA8
:106AA000002AC3F3004318DB6068626812F0C04F2D
:106AB000C0F38340C2F3417101D10F2806D10130E8
:106AC00000EB011023B9174B5843DEE70230F9E71A
:106AD00063689B03F7D40F4BF6E7E56AE06AE26A66
:106AE000C5F30315C0F3082002F0070273B1636811
:106AF0000C4913F4003F074B08BF194605FA02F290
:106B00000023A1FB0001FBF733FBBEE70549F5E7D6
:106B10000010024000127A00006CDC0280CB0008FA
:106B20005400002000093D00114B1A6842F0010298
:106B30001A601A689207FCD55A6822F003025A605C
:106B40005A6812F00C0FC2F38101F9D11A6822F0D1
:106B5000867222F480321A6041F610725960DA624D
:106B60004FF480121A634FF41F029A60704700BFFF
:106B700000100240030C03F1804303F5043300F0DE
:106B80001F001A680123834093430CBF012000209B
:106B9000704708B543F201011120FFF7EBFF012810
:106BA00004D1BDE808401120FFF7E4BF0139F3D15B
:106BB000F7E7030C03F1804303F50433012900F0E8
:106BC0001F0019684FF0010202FA00F20CBF0A43DD
:106BD00021EA02021A60704704281FD8DFE800F09B
:106BE00003090E1319000E4B1A6861F300021A60B4
:106BF00070470B4B1A6861F31042F8E7084B1A68AC
:106C000061F31862F3E7064B1A6A61F300021A6235
:106C10007047034B5A6A61F300025A62704700BF23
:106C200000100240024B5A6860F307125A60704726
:106C300000100240024B5A6860F30A225A60704703
:106C400000100240024B5A6860F3CD225A60704730
:106C500000100240054B5A6860F397525A605A6818
:106C6000C0F3800060F3DB625A607047001002409E
:106C7000144B5A68B0B960F310425A601A6B42F074
:106C800000721A6300205A6861F395425A605A688C
:106C9000C1F3011161F35E725A60DA6A60F31A623D
:106CA000DA62704742F480325A6001285A6804D18F
:106CB00022F400325A600220E5E742F400325A60C2
:106CC000E0E700BF001002400C4B5A6860F301027D
:106CD0005A6000BF00BF00BF00BF00BF00BF00BFC1
:106CE00000BF00BF00BF00BF00BF00BF00BF00BFAC
:106CF00000BF00BF00BF00BF00BF704700100240D0
:106D0000024B5868C0F38100704700BF001002407A
:106D100070B53B4D6B6813F00C0F0446C3F3810252
:106D200003D0022A31D0374809E06B6D9A05FAD5B5
:106D30002B6B344813F0007F334B18BF184620608C
:106D40006B68324A3249C3F30313D35C20FA03F36E
:106D500063606A68C2F302228A5C2E4923FA02F257
:106D6000E2606A68C2F3C2228A5CD340A3606968A9
:106D70006A68C1F30071C2F3813242EA8102264996
:106D80008A5CB3FBF2F3236170BD6B68EA6A002A88
:106D9000C3F3004318DB68686A6812F0C04FC0F3A1
:106DA0008340C2F3417101D10F2806D1013000EBBD
:106DB000011023B9194B5843C1E70230F9E76B685A
:106DC0009B03F7D40F4BF6E7EE6AE86AEA6AC6F36C
:106DD0000316C0F3082002F0070273B16B680F4975
:106DE00013F4003F074B08BF194606FA02F20023CE
:106DF000A1FB0001FBF7BCF9A1E70849F5E700BFDB
:106E00000010024000127A00006CDC02A0CB0008E7
:106E100098CB000898CB000890CB000800093D00F3
:106E2000044B5A6D01280CBF42F0300222F03002B0
:106E30005A657047001002400128074B07D11A6BB2
:106E400042F000721A635A6D42F400725A655A6D2C
:106E500060F308225A65704700100240036823F06F
:106E6000010303600023036043608360C36040F25A
:106E7000FF430340B3F5816F0CD2094A5168C0B299
:106E800014230838B0FBF3F00F23800083400B433A
:106E900053607047B3F5916FFBD2024AEEE700BF33
:106EA0000000024000040240406880B2704703685E
:106EB00012B10B430360704723EA0103FAE703684A
:106EC00061F3000303607047D0F8A430DB0158BFC2
:106ED000D0F8A43001F1FF315CBF43F08073C0F8FB
:106EE000A430062921D8DFE801F0040B10151A217F
:106EF0002600D0F8A03062F30703C0F8A030704736
:106F0000D0F8A03062F30F23F7E7D0F8A03062F397
:106F10001743F2E7D0F8A03062F31F63EDE7D0F833
:106F2000A43062F30703C0F8A4307047D0F8A4304F
:106F300062F30F23F7E7D0F8A43062F31743F2E7C8
:106F4000B0F1805F8CBF044B044B1B6818400038C5
:106F500018BF0120704700BF00040240000002403B
:106F6000B0F1805F8ABF034B034B20F07040586044
:106F7000704700BF00040240000002400023C0E947
:106F80000033C0E9023303827047036823F480436F
:106F900023F010031B041B0C036002680B891343CE
:106FA000036003684A7C62F30D3303600368CA7BA5
:106FB00062F38B23036003688A7B62F30923036017
:106FC00003684A7B62F3C71303600A7B036862F3BA
:106FD000861303600A7C036862F3451303604B89E0
:106FE00043600B6883604B68C36070470023436055
:106FF0000123038103707047154B426810B51C686C
:1070000024EA02041C605C6824EA02045C60447A9E
:10701000D1437CB1047874B91C6814431C609C682B
:107020000C409C60DC682140D960017A39B99968CC
:107030000A439A6010BD5C6814435C60EFE7012965
:107040001EBF996811439960D9680A43DA60F1E775
:1070500000040140014B5861704700BF000401402B
:10706000F0B58C790A68032C95B24AD0002C3DD13A
:107070004B79182B02D10561082303E0282B32D06D
:1070800003F00F03D1B2A9B1002492B20F2742FA44
:1070900004F1C9070BD50668A10007FA01FC26EA2E
:1070A0000C060660066803FA01F131430160013401
:1070B000082CECD1FF2D15D92D0A00210F2645FAF9
:1070C00001F2D2070BD544688A0006FA02F724EAD7
:1070D00007044460446803FA02F22243426001312B
:1070E0000829ECD1F0BD93B24361C5E70B79C979AA
:1070F00003F0040304F00804234301F003010B43ED
:10710000C0E70023BEE70000024B4FF6FF72C0E964
:10711000002370470004000101617047416170471E
:10712000C0F3072230B5C2F12002C0F30744121B9E
:107130004FF0FF339340D340020E02F1804202F53C
:107140008032E3401568A34025EA030311B1C0B2C1
:10715000A0400343136030BD01F003039B000F22E6
:10716000890810B59A4003290DD8DFE801F0020D17
:10717000182315498C6824EA02028A608A6800FA9A
:1071800003F313438B6010BD0F49CC6824EA02025D
:10719000CA60CA6800FA03F31343CB60F3E70A49F5
:1071A0000C6924EA02020A610A6900FA03F3134334
:1071B0000B61E8E704494C6924EA02024A614A6922
:1071C000984010434861DEE700000140174B30B59E
:1071D000DC68C4F30224C4F10703251D042B28BF77
:1071E0000423062D4FF0FF358CBF033C002405FA25
:1071F00003F321EA0303A540A34022EA0502134357
:107200001B010028DBB20CDB094A111881F800339E
:107210000123410900F01F0003FA00F042F82100A9
:1072200030BD044A00F00F001354F9E700ED00E010
:1072300000E100E014ED00E00749CA6822F4E062D2
:107240000302120403F4E063120C134343F0BF6320
:1072500043F40033CB60704700ED00E0002303707F
:1072600043708370C3700371437183710123C371D1
:107270007047C36923F40063C3610B78032B1BD8E9
:10728000DFE803F0020E5054036823F40043036068
:10729000036823F480430360036823F480630AE0F7
:1072A000036823F400430360036823F4804303600E
:1072B000036843F480630360CB79026863F3492277
:1072C00002604A78012A39D1012B37D1036843F48F
:1072D00080730360036862F3820303608B7803F0BA
:1072E0000702072B43688CBF43F4807323F4807339
:1072F0004360036862F3C50303600368CA7862F3FE
:10730000C713036003680A7962F3CB2303604A79E9
:10731000036862F3410303608A79036862F3000340
:1073200003607047036843F40043B0E7036843F425
:1073300000430360036843F48043ACE7036823F42D
:107340008073C6E7036861F308230360704703682E
:1073500061F3861303607047C1607047C06880B2F4
:10736000704780680840003818BF012070470368E4
:1073700061F3000303607047002303704370837060
:10738000C37003714371837170470023012203703E
:1073900043708270C3707047C1628262436943F078
:1073A000010343617047036861F30613036070478C
:1073B000F0B5144601F108026378D0F804C003FA6E
:1073C00002F7A378012501F10906B34005FA06F694
:1073D0002CEA0606466046689BB233434360436826
:1073E00005FA02F223EA020343604268BBB2134388
:1073F0004E19AE40436001FA05F2036A05FA06F63B
:10740000954023EA050323EA0603036206290ED802
:10741000DFE801F0040D2B0D340D3E00856925F0E9
:10742000030585612678856966F306158561561C16
:107430000127033207FA02F523EA0503257905FA45
:1074400002F292B249001343A2798D1CAA406579D9
:1074500005FA01F10A43E178B140B7400A4323EA53
:10746000070392B213430362F0BD856925F44075AA
:1074700085612678856966F30E35D7E7C56925F0FD
:107480000305C5612678C56966F30615C561CEE7B3
:10749000C56925F44075C5612678C56966F30E3562
:1074A000F4E706290CD8DFE801F0040B060B080B03
:1074B0000A004263704782637047C2637047026488
:1074C0007047036861F3C71303607047062912D839
:1074D000DFE801F0041109110D111200836962F354
:1074E000C30383617047836962F3CB23F9E7C36900
:1074F00062F3C303C3617047C36962F3CB23F9E747
:1075000010B50B78062B26D8DFE803F004252625D6
:1075100047256800036A23F001030362046A4B787D
:1075200063F341040462046AC3F3400363F3C304D6
:10753000046283698C7864F3010383618369C97889
:1075400061F307138361836962F383038361036AD1
:1075500043F00103036210BD036A23F010030362CA
:10756000046A4B7863F345140462046AC3F340036E
:1075700063F3C714046283698C7864F3092383611D
:107580008369C97861F30F338361836962F38B2365
:107590008361036A43F01003DCE7036A23F480731A
:1075A0000362046A4B7863F349240462046AC3F3F8
:1075B000400363F3CB240462C3698C7864F3010352
:1075C000C361C369C97861F30713C361C36962F317
:1075D0008303C361036A43F48073BBE7036A23F444
:1075E00080530362036A4C7864F34D330362C369CA
:1075F0008C7864F30923C361C369C97861F30F33DD
:10760000C361C36962F38B23C361036A43F480538C
:10761000A0E7012A03D1C3681943C16070471AB9B2
:10762000C36823EA0103C360704700002DE9F041FD
:1076300086B0054601A817461E468846FFF768FB38
:10764000DDE903340F4A954208BF1C460A235C4318
:10765000B4FBF8F1B1FBF3F003FB10110429AB68A4
:1076600088BF013080B260F30F03AB60EB6867F353
:107670000C33EB602B6966F30D332B6106B0BDE86C
:10768000F08100BF00380140C36861F34D33C3602F
:107690007047C36861F3C303C3607047084B026956
:1076A000002A01DB013BFAD1036943F001030361C6
:1076B000034B0269D20701D5013BFAD10120704783
:1076C000420D0300014608B5FFF7E8FF8B6B43F45A
:1076D00080338B638B6B43F480238B638B6B43F41E
:1076E00000238B6308BD4FF0A0407047036961F32E
:1076F0008A130361036943F020030361034B0269AA
:10770000920601D5013BFAD1704700BF420D03003C
:10771000036943F010030361034B0269D20601D5EC
:10772000013BFAD1704700BF420D030043698069F5
:107730001840704741617047836843F001038360DC
:107740007047836823F001038360704741B9C368C1
:1077500061F35D73C360C36843F08043C3607047E7
:10776000012907D1C36823F08043C360C36843F095
:107770000053F3E70229F2D1C36823F08043C360CA
:10778000C36823F00053E9E7D0F8003E43F001035B
:10779000C0F8003E7047D0F8003E23F00103C0F867
:1077A000003E704710B5033300F5805000EB023007
:1077B0009B1000229A4200D110BD51F82240046073
:1077C0000132F7E710B503339B10002200F580501B
:1077D0009A4200D110BD046841F822400132F7E717
:1077E000D0F8403401290BBF23F01E0323F480534B
:1077F00043F4805323F01E0300F580600364704758
:10780000F0B500F5A06404EB41149DF814600F4638
:107810004FF0FF3100F5806CA160032E0FD8DFE838
:1078200006F002470240E16841F4936141F0010132
:10783000E160110603D5E16841F48071E160DCF894
:1078400018500121B9402943CCF81810816941F042
:1078500000718161216863F39C512160236862F3A8
:10786000CE2323602368D20962F3CF3323609DF8CF
:107870001C309A1E53425341226863F351422260E6
:10788000236866F3934323602368BDF8182062F3EE
:107890000A032360032E02BF236843F000532360D2
:1078A000F0BDE56845F4D36545F00105E560C6E740
:1078B000E56845F40875F7E738B5836823F00103F8
:1078C00083601021FFF724FF0446FFF70FFF00F548
:1078D000806500F5A06300F5E0611A68002ABEBF6C
:1078E0001A6842F080421A6020338B42F5D14FF083
:1078F000FF336B616361A36843F00103A36038BD8C
:1079000000F5A06303EB41110B6813F4402F04D082
:107910000B68C3F38143022B1DD10B6843F08043F6
:107920000B60C36A13F47F0FC3F307420B6831D1B6
:1079300062F3DF730B600B68002BA2BF0B6843F090
:1079400000430B6040F2E9330A68002A00DB70470D
:10795000013BF9D170470B6843F080430B60D0F8CE
:10796000103413F47F0FC3F307420B6812D162F394
:10797000DF730B600B68002BA2BF0B6843F0004362
:107980000B6040F2E9330A68002A00DB7047013BD4
:10799000F9D1DFE7002BA2BF0B6843F000430B6077
:1079A000D8E7D0F80024022961F3010200F58063D2
:1079B000C0F800240CBF41F270724BF680325A605E
:1079C00070470000024B4CF6CC421A60704700BF73
:1079D00000300040024B4AF6AA221A60704700BFEE
:1079E00000300040014B9860704700BF00300040FD
:1079F000024B5A6860F302025A6070470030004040
:107A0000034B08B91860704745F255521A60704729
:107A100000300040002380F81F35082380F8163519
:107A20000129084BC0F8183504BF022380F81C3523
:107A3000012380F8141580F81D1580F821350020E9
:107A4000704700BF40004001F7B5054610461F468D
:107A50000E46FFF748FE3146286004462846FFF7E9
:107A6000D9FF95F81F351BB1A36B43F48013A363B3
:107A700095F821351BB1A36B43F40013A363089B56
:107A800000963A462146281D00F070FA002003B007
:107A9000F0BD07299EBF01F52071002320F81130A9
:107AA000704700F2FE40002330F9022F002A05DA69
:107AB0000133082BF8D14FF6FF70704798B270472A
:107AC0002C2303FB010090F846311BB180F86021A4
:107AD0000020704780F86121FAE72DE9F0410A465D
:107AE0000646B3180024006883F8F8442C2303FBEF
:107AF000026300EB4111C3F85841C3F86C41D3F85D
:107B0000684101F5A067002C4AD0D3F84CC1644409
:107B1000013CB4FBFCF4B4F5807F05D94FEA0C249A
:107B2000C3F868414FF480744FF02C0C0CFB0265D5
:107B300095F846E1BEF1000F04D0D5F84C3163430F
:107B4000C5F868310CFB026C9CF85051DCF86831C8
:107B50006D0705F0C045C3F3120845EA080545EA7C
:107B6000C44400F580653C61AC68D1F80075E4431D
:107B700064F35D77C1F80075D1F8004524F08044C6
:107B800044F00044C1F80045BEF1000F1CD1DBB148
:107B90009CF8481103290FD8DFE801F004190419F3
:107BA0000124C1E7C16ADC1C89B2B1EB940F03D296
:107BB000816941F0200181612C2101FB02649BB2AB
:107BC000D4F86411FFF7EEFD0020BDE8F0812969CB
:107BD000DC1C89B2B1EB940FEED2816941F0806177
:107BE000E9E738B52C2404FB0104C4E9592394F8CF
:107BF0006031003B4FF0010518BF0123AB4084F812
:107C0000465184F85031FFF768FF002038BD38B581
:107C10002C2404FB0104C4E9592394F861310025A4
:107C20005B1B18BF01235B0084F8465184F8503178
:107C3000FFF753FF284638BDFFF7D3BFFFF7E7BF75
:107C400010B501214FF480730024817108218380D5
:107C5000038180F8394180F82211C0F8AC4490F8D3
:107C6000201180F83241FFF714FF90F82111FFF73F
:107C700010FF204610BD0068D0F8403423F01E03EA
:107C800043F08003C0F84034FFF77EBD006838B58C
:107C9000D0F8404400F5806524F09E0444F0400490
:107CA000FFF779FD2C641420FDF778FF2B6C23F08F
:107CB0005E032B640520BDE83840FDF76FBF2DE95A
:107CC000F0412C2404FB0104BDF81CC09DF820E009
:107CD0009DF8187084F845314FEAD21884F851E1C4
:107CE00084F8487184F8468184F8441184F8472167
:107CF000C4F84CC1CDE907CE06970068BDE8F04155
:107D0000FFF77EBD0068FFF7FBBD10B50446FFF727
:107D1000C8FE4FF6FF7398421FBF6FEA414100F55E
:107D200020736FEA514124F8131008BF012010BDE1
:107D3000084490F8F804704770B504460D4616469E
:107D400000F004FC28B984F8395166710123A3714D
:107D500070BD042803D1002384F83931F6E70328E5
:107D6000F6D1F0E7034B1878142808BF0120421C15
:107D70001A7070475800002030B54379013B85B038
:107D80000446092B39D8DFE813F00A003B004F0006
:107D900066007A008900A600C100DD00EA0090F8C4
:107DA000393113B9082100F00FFD022200212046CD
:107DB000FFF7C2FF054600BB082204F529712046E3
:107DC00000F040FC637C627A84F822310292CDE9B3
:107DD00000538022237A94F820112046FFF76FFF8A
:107DE000637A029394F82231CDE900532A46237A2C
:107DF00094F821112046FFF762FF022005B030BD44
:107E000090F8393113B9122100F0DEFC0322002171
:107E10002046FFF791FF0028EFD1122204F52971C7
:107E2000204600F00FFCE8E790F8393133B9FFF74E
:107E300099FF01462072204600F006FD0422002131
:107E40002046FFF779FF05460028D6D1637A0293D2
:107E500094F82231BBE790F8393113B9092100F0C9
:107E6000C0FC052200212046FFF766FF0028C4D190
:107E7000092204F52971204600F023FCBDE790F8A3
:107E8000393113B9C18B00F0ACFC06220021204629
:107E9000FFF752FF0028B0D1E28BEAE790F83931C2
:107EA0002BB9017EFF2300F5297200F0A7FC072201
:107EB00000212046FFF740FF00289ED104F52975D8
:107EC000FF222946284600F067FCD4F840315B6960
:107ED0002846984791E790F839312BB9417EFF2326
:107EE00000F5297200F08AFC082200212046FFF7E5
:107EF00023FF002881D104F52975FF222946284651
:107F000000F04AFCD4F840319B69E1E790F8393140
:107F10002BB9817EFF2300F5297200F06FFC092246
:107F200000212046FFF708FF00287FF466AF04F524
:107F30002975FF222946284600F02EFCD4F840314E
:107F4000DB69C5E790F839311BB990F8211000F0D2
:107F500064FC0A2200212046FFF7EEFE4DE70020D8
:107F60004CE7D0F840319B6A1847000070B50546D1
:107F7000C0E94F2301601B680C4698472846FFF76D
:107F80005FFE4822002105F5966004F0F9FB00260B
:107F90000823C5F84C312046C5F8A464FFF7D1FB8F
:107FA0002046FFF78FFB01212046FFF7CFFB20463D
:107FB000FFF7F1FB01212046FFF7F3FCD4F8003472
:107FC000802266F38203B4F1A04FC4F800346262E9
:107FD00015D1A36A62F30F03A362A36A602262F35E
:107FE0001F43A362D4F80031E02161F30F03C4F80A
:107FF0000031D4F8003162F31F43C4F8003110217E
:108000002046FFF773FB2046FFF782FB002604F5AE
:10801000A06304F5C0624FF0FF31DE609960203349
:108020009A42FAD101212046FFF7DAFB6FF0804334
:10803000A6616361054BA3612046FFF77DFB2846DF
:108040000121FFF78EFF002070BD00BF180830A38C
:1080500038B50468D4F8405425F01E0343F4807307
:10806000C4F84034642025F48F75FDF797FDC4F8FB
:1080700040541420BDE83840FDF790BD30B5D0F82D
:10808000A434027985B004462BB92AB3032A00F040
:10809000BB80237120E00E2A1ED8DFE802F008150D
:1080A00020B51D6478871D6E8C1DA11DCB00012B92
:1080B00012D10371C820FDF771FD2046FFF7C8FFFC
:1080C000D4F840315B684CE0D0F8A83423B10223E7
:1080D00003713220FDF762FD012005B030BD802123
:1080E000FFF713FE002184F820012046FFF70DFE64
:1080F000D4F8403184F821015B6898472368D3F8AD
:108100004004C0F34143637205232371D4F8403126
:10811000C0F341401B699847637A029394F8223177
:10812000019300250095237A94F82011802220469F
:10813000FFF7C5FD637A029394F82231CDE900532D
:108140002A46237A94F821112046FFF7B8FD2068CB
:108150001021FFF7CBFA2068FFF7DAFAD4F84031A4
:108160009B689847B8E7FFF707FE0028B4D1D4F81A
:1081700040311B6A984709238BE706230371D0F827
:108180003C311B6898470328A6D10D2381E7D0F81E
:108190003C319B689847012804D005D90338C0B208
:1081A000012899D80E2374E7072372E7D0F83C31F1
:1081B000DB68984790E790F8392112B9012100F067
:1081C0005AFB002211462046FFF7B6FD002883D156
:1081D0000320FDF7E3FC2046FFF74DFD0B2358E796
:1081E00090F8395135B9FFF751FD2A460121204653
:1081F00000F05AFB002211462046FFF79DFD0028A3
:108200007FF46AAF062344E72046FFF719FD0022FA
:10821000D1B220460132FFF73CFC082AF8D1D4F84D
:108220003C315B6803B1984700232371D4F8403197
:10823000DB6896E7FFF704FDD4F83C3120465B6825
:1082400098473DE72C2303FB020310B4002483F876
:108250004641032483F85041C3F864110821C3F850
:10826000681110BC1146FFF738BC30B42C2404FB55
:108270000304012584F84651022584F85051C4E9CD
:10828000591230BCD9B2FFF728BC70B42C2404FBBF
:108290000305C5E95912002685F8466190F82111B9
:1082A00022B904FB0104012284F861212C2202FB83
:1082B000010102FB030491F86121003A18BF012279
:1082C000520084F8502170BCD9B2FFF706BC10B53B
:1082D00000F59471044690F82121FFF7B3FF0223C3
:1082E00084F83931002010BD90F82131034493F80F
:1082F000F834012B1CD1B0F82E2190F928316AB145
:10830000002B41F288320FDB05230A6080F83931F7
:10831000D0F8AC34C0F8343100207047002B4FF057
:10832000320203DB0723F0E70323EEE70923ECE740
:10833000042B01D0022B05D140F60533A0F83831CB
:1083400004207047D0F83421D0F8AC349B1A41F2A5
:1083500088329342F0D80220704710B5B0F830212F
:1083600090F82031D0F824110446FFF77EFF042353
:1083700084F83931002010BD90F82031034493F87F
:10838000F834012B04D1092380F8393100207047DB
:10839000052B01D10C23F7E7042B01D10B23F3E7C5
:1083A000D0F83421D0F8AC349B1A41F28832934291
:1083B000ECD940F60533A0F838310420704710B5E9
:1083C00090F821312C2202FB0302012182F8611175
:1083D0000446B0F83021D0F82411FFF756FF0623E9
:1083E00084F83931002010BD90F82131034493F80E
:1083F000F824531E042B07D8DFE803F0031B0619EB
:108400001700072380F83931D0F83411D0F8AC3494
:108410005B1A41F288318B420DD9022A0BD140F60A
:108420000533A0F83831042070470C23EAE70B230A
:10843000E8E70523E6E70020704710B50022044670
:1084400090F820311146FFF710FF082384F83931E6
:10845000002010BD90F82031034493F8F834012B2C
:1084600004D10D2380F8393100207047052B04D149
:108470000C2380F8393103207047042B01D10B23E2
:10848000F0E7D0F83421D0F8AC349B1A41F28832AE
:108490009342E9D940F60533A0F8383104207047FB
:1084A00010B590F821312C2202FB0302044692F809
:1084B000611181F0010182F8611100221146FFF77C
:1084C000E4FE0A2384F83931002010BD90F82131F0
:1084D000034493F8F824531E042B07D8DFE803F075
:1084E000031B061917000D2380F83931D0F8341119
:1084F000D0F8AC345B1A41F288318B420DD9022A94
:108500000BD140F60533A0F83831042070470C2316
:10851000EAE70B23E8E70923E6E70020704790F835
:1085200032310133DBB2022B80F8323104D801231F
:1085300080F8393102207047082380F838310E2343
:108540000371002380F832310420704710B50023F6
:1085500080F8383190F83931013B04460C2B10D8A3
:10856000DFE803F0091115181D2025282D303507E7
:108570003900032010BDFFF7AAFED4F8AC34C4F8CC
:1085800034310220F6E71549FFF7AEFEF9E7FFF7B1
:10859000E4FEF6E7114B1968FFF7EEFEF1E7FFF78F
:1085A0000EFFEEE70D4B1968FFF71EFFE9E7FFF737
:1085B00044FFE6E7094B1968FFF74CFFE1E7FFF7D7
:1085C0006FFFDEE7054B1968FFF780FFD9E7BDE8CD
:1085D0001040FFF7A4BF0020CCE700BF00680020D8
:1085E00010B58379012B07D102248471C0F82411BE
:1085F000A0F8302180F83931002010BDA0F82A31D0
:1086000003F47F43B3F5407F40F2094318BF0023D2
:10861000A0F82C318379A0F82E1162F07F0280F847
:108620002821012B4FF0060280F8292108D10222CF
:108630008271009AC0F82421A0F8301180F83931F5
:10864000002070470B7883724B78C3724B8883810C
:108650000B7983734B79C3738B790374CB79437430
:10866000082A0DD90B8943824B8983828B89C38267
:108670008B7B0376CB7B43760B7C83764B7CC376FC
:1086800070470B7803704B7843708B788370CB788E
:10869000C3700B7903714B7943718B798371CB79FB
:1086A000C3710B7A037270470B7803704B78437079
:1086B0008B788370CB78C3708B8883808B79837140
:1086C00070470B782DE9F04103774B7843774B885F
:1086D000C3830B7980F820304B7980F821308B7977
:1086E00080F82230CB7980F823300B7A80F8243060
:1086F000092A04461ED900F1260600270922E08B2C
:10870000904217D90B7819441A444B78042B92B233
:10871000F6D13046FFF7B5FF07F10C08002330799A
:10872000984202D9E08B904207D83237FA2F06F1EF
:108730003206E4D10020BDE8F0810878014402440B
:108740004878052892B2EAD15D1C08EBC5001C30C0
:108750002044FFF7A9FFEBB2E1E7F0B590F8206005
:1087600004460025E8B2864201D8FF20F0BD94F807
:108770002B708F4201D0FF290BD194F82C709742B7
:1087800001D0FF2A05D194F82D709F42EED0FF2B27
:10879000ECD001353234E5E74378032B10B51446AD
:1087A0000AD103789A1EA242A8BF224692B20023A1
:1087B000934202D300230B7010BDC4180233A47877
:1087C00001F8014B9BB2F3E707B500F5297300935D
:1087D00000224FF48073FFF711FF002003B05DF813
:1087E00004FB07B500F52973009300224FF40073D2
:1087F000FFF704FF002003B05DF804FB07B50A464D
:10880000194600F52973009342F440730022FFF7E4
:10881000F5FE002003B05DF804FB8279A0F82A1170
:108820004FF41063A0F82831012A4FF00003C0F87C
:108830002C3107D102218171C0F82431A0F83031E8
:1088400080F83921002070478279A0F82A114FF46E
:10885000A063A0F82831012A4FF00003C0F82C31A2
:1088600007D102218171C0F82431A0F8303180F89D
:10887000392100207047A0F82C218279A0F82A1114
:108880004FF44073A0F82831012A4FF00003A0F8FC
:108890002E3107D102218171C0F82431A0F8303186
:1088A00080F8392100207047A0F82C218279A0F8A7
:1088B0002A114FF48073A0F82831012A4FF00003E9
:1088C000A0F82E3107D102218171C0F82431A0F81F
:1088D000303180F839210020704710B590F83921E7
:1088E000044652B94FF48173A0F82C11C0F8283116
:1088F000A0F82E211146FFF773FE002211462046F4
:10890000FFF71AFA003818BF0120400010BD70B5FB
:10891000066805463046FEF7CFFF00240323C5F85E
:10892000A4442B71E1B228460134FFF7B2F8082CB9
:10893000F8D130460121BDE87040FFF732B8F8B5F4
:1089400006460068202711FB070303F5A065AA6807
:10895000D5F80CC002EA0C0212F0200F0C4601D030
:10896000AF60F8BD17070FD5EB6843F00203EB606B
:108970001823AB602C2303FB01630522C3F85821A5
:10898000BDE8F840FEF7BCBF57050FD5EB6843F0D4
:108990000203EB60FEF7B4FF4FF48263AB602C235D
:1089A00003FB04630822C3F85821DAE7970509D5C9
:1089B000EB6843F00203EB60FEF7A2FF4FF4007395
:1089C000AB60CEE712F001073BD02C2101FB046124
:1089D0000122C1F85821AA60D3F80015C1F38141E2
:1089E000022904D0D3F8001511F4402F12D1EB68FE
:1089F00043F00203EB602146FEF782FF1023AB60D9
:108A00002C2303FB046393F8602182F0010283F8B6
:108A10006021A6E7D3F80015C1F38141032909D1EC
:108A2000D3F8001541F00051C3F80015331983F84D
:108A3000F824E5E7D3F80035C3F38142012ADFD1FA
:108A4000F4E712F0020F60D0EA6867F34102EA60CF
:108A50002C2202FB0162D2F85821013A072A38D8A9
:108A6000DFE802F004373937090C370C34440123AE
:108A700084F8F8342DE034440523F9E706EB84014B
:108A80003444D1F8B0240132032AC1F8B0248BBF9A
:108A90000422022284F8F82484F8F82484BF0022F7
:108AA000C1F8B024D3F8002512F4402F05D0D3F834
:108AB0000025C2F38142022A0BD1D3F8002522F00F
:108AC0008042C3F80025D3F8002542F00042C3F8E5
:108AD0000025022374E7D3F8002512F4402F05D0B7
:108AE000D3F80025C2F38142022A0BD1D3F8002526
:108AF00022F08042C3F80025D3F8002542F000425E
:108B0000C3F8002534440223B2E712F0800714D0E2
:108B1000EB6843F00203EB602C2303FB01630622A6
:108B200006EB8404C3F85821FEF7EAFED4F8B0340B
:108B30000133C4F8B034802342E712F0100F2DD077
:108B4000D3F80025C2F38142032A11D101F59673AF
:108B500046F82370EB6843F00203EB60FEF7D0FEAB
:108B60002C2303FB04660323C6F85831102327E7A0
:108B7000D3F80025C2F38142022A04D0D3F800358D
:108B800013F4402FECD104F59673002246F823200D
:108B9000EB6843F00203EB602146DFE7D3057FF586
:108BA000E0AE4FF480730BE7F8B506460068202767
:108BB00011FB070202F5A064A368D4F80CC003EA15
:108BC0000C0313F0200F0D4601D0A760F8BD9F05E0
:108BD00009D5E36843F00203E360FEF791FE4FF42A
:108BE0000073A360F2E7DF070DD5E36843F00203EB
:108BF000E360FEF785FE2C2303FB05630122C3F827
:108C00005821A260E2E71F070FD5E36843F0020393
:108C1000E3600823A3602C2303FB01630522C3F850
:108C20005821BDE8F840FEF76BBE13F480670FD003
:108C3000E36843F00203E360FEF762FE4FF48263F1
:108C4000A3602C2303FB05630822C3F85821BDE76A
:108C500013F0020F4CD0E36867F34103E3602C2369
:108C600003FB0161D1F858110139072915D8DFE854
:108C700001F0041416141B1E141E7219012103FBAB
:108C8000056382F8F81493F84821023A8A4204D81E
:108C900093F861214A4083F861210223A1E735441A
:108CA000022385F8F834F8E735440523F9E706EBA5
:108CB00085013544D1F8B0340133032BC1F8B03409
:108CC0008BBF0423022385F8F83485F8F83484BF79
:108CD0000023C1F8B034D2F8003523F08043C2F845
:108CE0000035D2F8003543F00043C2F80035D4E730
:108CF00013F0800214D0E36806EB810243F0020314
:108D0000E360D2F8B0340133C2F8B0342C2303FB53
:108D100001630622C3F85821FEF7F2FD902360E7B5
:108D2000DB067FF553AFE36843F00203E36001F530
:108D3000967346F82320FEF7E3FD2C2303FB05661C
:108D40000323C6F8583110234BE72DE9F04104689E
:108D5000D4F814740646BFB204F5A06400254FF0A1
:108D6000010808FA05F33B4206D023681B04E9B268
:108D7000304608D5FFF7E3FD0135102D04F120043E
:108D8000EFD1BDE8F081FFF70FFFF5E7F8B5076811
:108D9000BB6923F01003BB613A6A02F4F013B3F528
:108DA000802F2ED1C2F30A165EB302F00F022C23DD
:108DB00003FB0204D4F8641119B3334607F5A06528
:108DC000384605EB4215FEF7FDFCD4F86431334418
:108DD000C4F86431D4F86C313344C4F86C312B6975
:108DE000C3F3C9436BB12B6823F080432B602B681E
:108DF00043F000432B6094F8603183F0010384F862
:108E00006031BB6943F01003BB61F8BDF8B506469D
:108E10000068D0F84044A30700F5806724F01E05E1
:108E200006D5E10744BF0123C6F8A43445F0020586
:108E3000220710D514F0040345F0080509D004F406
:108E4000C023B3F5802F0CBF02210121FEF7A9FD3D
:108E50000123C6F8A834E30648BF45F010053D6479
:108E6000F8BD70B504686369DA0705467BD5061D51
:108E70002046FEF75BFCC30606D53046FFF786FFAB
:108E800010212046FEF756FC2046FEF74FFC8001DD
:108E900007D53046FFF759FF4FF000712046FEF727
:108EA00049FC2046FEF742FC010708D5D5F8B0344E
:108EB0000133C5F8B03408212046FEF73BFC2046BC
:108EC000FEF734FC820703D502212046FEF732FC70
:108ED0002046FEF72BFC002806DA0C232B724FF0FD
:108EE00000412046FEF726FC2046FEF71FFC8300CB
:108EF00007D53046FFF70BFD4FF000512046FEF737
:108F000019FC2046FEF712FCC50102D53046FFF7DA
:108F10007DFF2046FEF70AFC800204D54FF40011C5
:108F20002046FEF707FC2046FEF700FCC10204D5F0
:108F30004FF480112046FEF7FDFB2046FEF7F6FBBE
:108F4000420104D54FF080612046FEF7F3FB204636
:108F5000FEF7ECFB430406D520464FF48041BDE804
:108F60007040FEF7E7BB70BD1068074B984208D110
:108F700050684B68984204D1107B003818BF01201C
:108F800070470120704700BF55534253F8B591F820
:108F900051308D6D013B06460C46092B3CD8DFE86D
:108FA00003F0050F2229454C656D7F8E1F2301F1CB
:108FB00020026979FEF742FE022384F851302BE04B
:108FC0006979FEF7B5FE012809D1A36A43B394F885
:108FD0002C30802B01D10323EFE70523EDE7022896
:108FE00040D10123E9E76B884A6D2978FEF724FE1A
:108FF0000423E2E72978FEF79BFE012812D1A16A3B
:109000006B8899420AD9626DC91A1A446265A162D5
:1090100029783046FEF710FE0220F8BD0023A36237
:109020000723CAE70528F7D10923C6E72B894A6D2C
:109030006979FEF703FE0623BFE76979FEF778FE3C
:1090400001280DD1A16A2B899942E7D9626DC91A0D
:109050001A446265A16269793046FEF7EFFDDBE7ED
:109060000228BAD00528D7D10A23A6E70D2301F19B
:1090700040022978FEF7E0FD08239EE72978FEF7F5
:1090800057FE0128CED14FF48073A4F8503004F17C
:10909000400204F120013046BDE8F840FFF764BF0C
:1090A0002A786978FFF719FC02460028B4D1072313
:1090B00084F8513029783046FEF702FDACE76A7932
:1090C000A979FFF70AFC07460028A5D169792C2366
:1090D00003FB0163304693F86121C2F10102D2B271
:1090E000FEF7EEFC29783A463046FEF7E9FC9BE7AE
:1090F00070B591F850300C4615461BB1012B25D0A8
:10910000022070BD1749184A2426C4E9081280229B
:1091100084F82C2019461022A66204F12F0003F0D7
:109120002FFB41F20C22A36DE2856A0184F8302006
:10913000302202FB05337833636540F2011384F873
:109140002D5084F83360A4F85030D9E7FFF71EFFA4
:1091500010B984F85000D4E70128D1D1002384F855
:109160005030CEE7555342438070605070B51E4674
:1091700091F850300C4615461BB1012B1FD0022030
:1091800070BD1849184AC4E908120822A262802258
:1091900084F82C201946102204F12F0003F0F0FA75
:1091A000A36D84F82D5042F20C526D01E28584F8D3
:1091B00030501C6740F20113A4F85030DFE7FFF78E
:1091C000E5FE48B923681BBA3360E28852BA92B20E
:1091D000726084F85000D3E70128D0D1002384F8CE
:1091E0005030CDE7555342438070605038B591F808
:1091F00050300C4615461BB1012B1BD0022038BD48
:109200001249134AA362C4E908120C2284F82C30D4
:1092100084F82E201946102204F12F0003F0B0FA32
:1092200084F82D5040F201136D0184F83050A4F8F9
:109230005030E3E7FFF7AAFE10B984F85000DEE7EC
:109240000128DBD1002384F85030D8E7555342433E
:109250008070605070B591F850300C4615461BB1C7
:10926000012B20D0022070BD1549164A1226C4E9F0
:109270000812802284F82C201946A662102204F1DC
:109280002F0003F07DFA4FF4437384F82D50E385EB
:109290006D0140F2011384F8305084F83360646546
:1092A000A4F85030DEE7FFF771FE10B984F85000E3
:1092B000D9E70128D6D1002384F85030D3E700BF86
:1092C00055534243807060502DE9F84391F8507037
:1092D000DDF820909DF824600C461546984627B18D
:1092E000012F31D00220BDE8F8831D4A1D4B81F8C3
:1092F0002C70C1E908234FEA49238B6210223946BA
:1093000004F12F0003F03CFA42F60C23E3852B0E08
:1093100084F831302B0C84F832302B0A84F8333047
:109320004FEA192384F82D6084F83630760140F234
:10933000011384F8306084F8345084F83790C4F80E
:109340005480A4F85030CDE7FFF720FE10B984F820
:109350005000C8E70128C5D1002384F85030C2E787
:1093600055534243807060502DE9F0411F4691F8FB
:109370005030DDF818809DF81C600C46154623B16E
:10938000012B31D00220BDE8F0811D491D4AC4E9FE
:1093900008124FEA4822A262802284F82C20194643
:1093A000102204F12F0003F0EBF942F60A03E385E3
:1093B0002B0E84F831302B0C84F832302B0A84F8D1
:1093C00033304FEA182384F82D6084F83630760164
:1093D00040F2011384F8306084F8345084F8378008
:1093E0006765A4F85030CDE7FFF7D0FD10B984F8D9
:1093F0005000C8E70128C5D1002384F85030C2E7E7
:1094000055534243807060500346064A5A67002015
:109410004FF48072C3E90300586118839876A3F86B
:109420006C2070470468002038B5D0F83C311C69C6
:10943000637E1BB1092B6FD0002038BDD4E9033205
:109440009A4266D2302505FB024393F8A430042BE0
:10945000F2D8DFE803F0030A182F4A0005FB0242A6
:1094600040F20113A2F8A430E6E705FB024378338B
:10947000D2B204F11C01FFF73BFE68BB236905FB78
:10948000034302222EE0D2B204F11C01FFF7AEFE2C
:1094900038B92369302202FB03430322A3F8A42036
:1094A000CAE70128C8D12369302202FB03434FF4E5
:1094B0008272F3E705FB02439C33D2B204F11C0134
:1094C000FFF754FE40B9236905FB03450922013328
:1094D00085F8A4202361AFE70128ADD123690422D8
:1094E00005FB034383F8A420A6E7D2B204F11C01D4
:1094F000FFF7B0FE20B92369302202FB0343C0E727
:10950000012899D12369302202FB03434FF484726E
:10951000C4E7092363768FE7D0F840315B6A002BFC
:109520008AD0984788E70000D0F83C3170B51C69B4
:109530000546F4B1E168124E00223020D3B29942C0
:1095400002F1010217D8217841B12846FEF7A1FAAD
:1095500021782846FEF7D6FB00232370617941B1BC
:109560002846FEF796FA61792846FEF7CBFB0023E2
:109570006371002070BD00FB0343C3F8A460DDE706
:10958000000101002DE9F043D0F83C312F4C85B0AB
:1095900006221C61082150230546FFF7DEF8FF284C
:1095A00051D0322303FB00F605EB0608002798F89C
:1095B0002D30E3724FF0020998F82A20FBB29A424C
:1095C00010D82248FFF720FF617900222846FEF7D5
:1095D00077FA217800222846FEF772FA002005B0BB
:1095E000BDE8F083013306EBC3032B4493F82A1044
:1095F000988D93F82E2093F92A30002B13DA60808F
:10960000284661702271FEF780FB6B7AC1B221702F
:1096100002936388CDE900932B7A62782846FEF79F
:109620004EFB0137C8E720812846A171A272FEF7E0
:109630006CFB6B7AC1B2617102932389CDE900930F
:109640002B7AA279EAE70320C9E700BF046800206B
:1096500010B5D0F83C211469227E012A05D0022AD7
:109660002ED07AB9012323760CE090F8391159B93C
:109670004FF480314FF6A16CC0E94AC104F10C01EE
:10968000FEF7AEFF02201AE000221146FEF754FB5F
:1096900008B1032813D1237B022B4FF0010194BFA3
:1096A0000133022300228B42E360A4F8A61084F861
:1096B000A4201CBFA4F8D61084F8D420002010BD2C
:1096C00090F839212AB94FF48171C0E94A12114644
:1096D000D6E700221146FEF72FFB0028C2D0032850
:1096E000D0D1BFE7D0F83C311B69302202FB0133F7
:1096F00093F8A5007047F7B5D0F83C4116462569A8
:109700009DF82020302404FB025494F8A470052F07
:1097100006D0062F18D0042F1ED0022003B0F0BDB3
:10972000CDE900620A4605F11C01FFF71DFE034664
:1097300020B9092384F8A4300020EFE7012BEDD1F4
:10974000042384F8A430E8E7CDE900620A4605F175
:109750001C01FFF7B9FDEAE705F11C01FFF77AFDEF
:109760000028DBD1092384F8A4300120D6E70000CB
:109770002DE9F74F9A46D0F8A4349DF8307004468E
:10978000894616467BB30379072B2CD1D0F83C31A0
:10979000D3F81080302202FB078292F8A430092B04
:1097A00021D1164BC8F87430052382F8A430322535
:1097B0007543D0F8ACB4C8F8147005F5FA65009795
:1097C0005346324649462046FFF795FF022801D00E
:1097D000002009E0D4F8A4344BB9302303FB0783FD
:1097E000092283F8A420012003B0BDE8F08FD4F84B
:1097F000AC34A3EB0B03AB42E1D9EEE704680020E5
:109800002DE9F74F9A46D0F8A4349DF830700446FD
:10981000894616467BB30379072B2CD1D0F83C310F
:10982000D3F81080302202FB078292F8A430092B73
:1098300021D1164BC8F87430062382F8A4303225A3
:109840007543D0F8ACB4C8F8147005F5FA65009704
:109850005346324649462046FFF74DFF022801D0C5
:10986000002009E0D4F8A4344BB9302303FB07836C
:10987000092283F8A420012003B0BDE8F08FD4F8BA
:10988000AC34A3EB0B03AB42E1D9EEE70468002054
:109890000068704703460068596870470B0A0170FA
:1098A00043700B0C090E8370C1707047110A02706F
:1098B0004170110C120EC2701A0A037142711A0C17
:1098C0001B0E81708271C3717047C3698A1E023B8F
:1098D000934210B585BFD0E9103144890020E4FBE4
:1098E00002318CBF1846014610BD034600F10B0142
:1098F0000020C20142EA500213F8010B50FA82F232
:109900008B42D0B2F5D1704710B54278044601328F
:10991000002052010346022B08BF0423C10341EA81
:109920005001E05C013310FA81F19A4288B2F2D81A
:1099300010BD03687BB11A4612F8011B1F2908D914
:109940003A29F9D11978302905D102339A4202D146
:109950000260002070474FF0FF30704738B50D4669
:10996000044618B9092000232B6038BD0368002B7A
:10997000F8D01A78002AF5D08188DA889142F1D19E
:109980005878FCF775F910F00100EBD12368EBE78C
:10999000F7B5C378044613B3012500F158070095C5
:1099A000D0E9142339464078FCF79AF9D0B9D4E9C4
:1099B0001423E070D4E90C60216A961B63EB00006D
:1099C0008E4270F100000AD2A078022807D1521806
:1099D0000095607843F100033946FCF781F90020D7
:1099E00003B0F0BD2846FBE738B50D4640F2B5118F
:1099F000144602F099FCFF2807D9012C0BD9030A61
:109A00002B7068700224204638BD30B1002CFAD08B
:109A100028700124F7E70024F5E70446F3E72DE971
:109A2000F843002507688D76D0E90E3213430646C9
:109A30000C4647D03B78042B49D12B462E464FF09D
:109A4000400820E0B8F5187F24D218F01F0F08BF97
:109A500008F10208013532F8080008F102082BB9B4
:109A600000F5205292B2B2F5006F0BD306F11A0145
:109A7000C6F1FF02214440EA0340FFF7B5FF48B1B9
:109A80000644002003463A6992F82310A942D9D827
:109A900003B916B93F23A376012626440023B376E3
:109AA00063733A69137903F03701DB0621730BD432
:109AB00002F13800FFF7EEFEC4E9000193896381EB
:109AC000D3892381BDE8F88300200146F4E7036DC4
:109AD00001334ED1316C00234D1E184615F8012F6D
:109AE000202A00F101000DD0052A08BFE52209282F
:109AF00005D10B2B9FBFE6182E2777730133E6188D
:109B0000013372730B28E9D1E21800205073A27E52
:109B1000002A3AD183B304F10C0308255A78581C63
:109B2000002A41D11B1B0C3B29E0B9F1000F05D1E4
:109B300000F520539BB2B3F5006F0BD308F11A0167
:109B4000C8F1FF02214440EA0940FFF74DFF40B150
:109B50008044002002358146FB68585B0028E4D130
:109B60004046B9F1000F18BF0020231800229A7652
:109B7000B0E7A946A846EFE73F23A3760123234495
:109B800000229A760B7B03B96373CB7A03F03F0311
:109B9000237301F11C00FFF77BFE0023206063604C
:109BA000CB8A63810B8B8CE72E2A134609D0413A6E
:109BB000192A03D80A7B154200D020334373034689
:109BC000ACE71025FAE738B50546002435F8020B56
:109BD00008B9204638BD02F0D9FBE30343EA540339
:109BE000C2B212FA83F3C3F34E0444EAC334C0F39F
:109BF000072010FA84F4A4B2E8E7F7B50446FFF7AB
:109C0000C7FE0546002846D12378032B3BD1277990
:109C1000012F38D104F1580601464FF40072304646
:109C200002F0AEFD552384F85632AA2384F8573249
:109C300052234122722184F8583084F8593061232C
:109C400084F85A3084F83F3284F85B2084F83C1260
:109C500084F83D1284F83E22A16904F51070FFF7E4
:109C60001DFE616904F51170FFF718FED4E90A239F
:109C7000013243F10003C4E91423009760783146B0
:109C8000FCF72EF82571002260781146FCF752F897
:109C9000003818BF012003B0F0BDC2F307238A7655
:109CA000CB760378032B01BF120C0A75120A4A7592
:109CB0007047F7B515461E46D0E91423B34208BFD6
:109CC000AA42044614D0FFF763FE78B90127009733
:109CD00060782A46334604F15801FBF7D7FF18B1E4
:109CE0004FF0FF3538462E46C4E9145603B0F0BD98
:109CF0000020FBE7F8B500214FF0FF364FF0FF37AB
:109D0000C0E91467C1700446FFF7D3FF00284BD1A8
:109D1000B4F856524AF655239D4207D125490B22E5
:109D200004F1580002F01CFD00283FD094F8583090
:109D3000EB2B03D01833DBB2012B2ED84AF6552378
:109D40009D4206D11C49082204F1AA0002F008FD38
:109D500048B3B4F86330B3F5007F1ED194F8653092
:109D6000DBB15A1E1A4218D1B4F86630ABB194F880
:109D70006830013B012B10D8B4F869306BB1B4F8EE
:109D80006B307F2B06D804F17800FFF781FDB0F52A
:109D9000803F02D3B4F86E3053B94AF6552085425D
:109DA00014BF03200220F8BD0420FCE70120FAE7DD
:109DB0000020F8E7E9C80008F5C800082DE9F84FC9
:109DC00017469946D0E9123202390D0B01F007040B
:109DD0004FF0010BED180BFA04F4064642F10008AF
:109DE000C1F3C80AE4B22A4643460135304648F179
:109DF0000008FFF75EFF10B1BDE8F88F9A4606EB4A
:109E00000A0191F8583003EA0402003A18BF01220F
:109E10004A4514D06340013F81F8583086F803B0BA
:109E2000EAD0640014F0FF04E9D10AF10103B3F5AC
:109E3000007F4FF001044FF0000ADFD3D3E7022088
:109E4000DAE70129F8B50C4640F29D800568EB6918
:109E50008B4240F298802B78013B032B00F29380D9
:109E6000DFE803F0022F415701EB5106D5E90C134F
:109E7000720A521843F100032846FFF71AFF10B187
:109E80004FF0FF30F8BDD5E90C13771C7A0AC6F302
:109E9000080652182E4443F10003284696F85860ED
:109EA000FFF707FF0028EBD1C7F308072F4497F807
:109EB000583046EA0320E3074CBF0009C0F30B000B
:109EC000E0E70A0AD5E90C13521843F100032846CB
:109ED000FFF7EFFE0028D3D1640004F4FF742C4494
:109EE000B4F85800CEE7CA09D5E90C13521843F16B
:109EF00000032846FFF7DDFE0028C1D1A40005F1CC
:109F0000580004F4FE742044FFF7C2FC20F07040B7
:109F1000B8E7D0E9043153EA0102C27901D086687A
:109F200006B982BB8668022AA4EB06060FD1581E2A
:109F300041F1FF31400A40EAC1506A890023490AD1
:109F4000F8F716F986421ED81FD0601C9AE7032A3C
:109F500002D18369B342F8D8C369B3B9D5E90C1308
:109F6000E209521843F100032846FFF7A2FE002839
:109F700086D1A000583500F4FE702844FFF788FC15
:109F800020F000407EE701207CE76FF0004079E799
:109F90002DE9F04105682B78042B14BF4FF4001213
:109FA0004FF080528A4204460E4602D80220BDE895
:109FB000F081CA06FAD1876801635FBB022B19D80A
:109FC0002B89B3EB561FF1D9D5E90E0150EA0103F5
:109FD000C4E90E016763E9D0730A1B1805F158053F
:109FE000C6F3080641F100013544C4E90E31256489
:109FF0000020DCE7AB6BC771002BE1D0B5F80A801D
:10A000001F464FEA48284645394605D22846FFF7FD
:10A010005CFCDBE73B46F1E72046FFF712FF431C01
:10A02000074607D00128C1D9EB698342BED9A6EB08
:10A030000806E8E70120BAE701292DE9F8430546BB
:10A040000C46164608D9C3698B4205D90378022B02
:10A0500068D003D8012B22D002202DE0033B012B36
:10A06000FAD8CA09D0E90C13521843F10003FFF7DC
:10A0700020FE00BB2B46A40013F8582B042A04F43E
:10A08000FE7407D01819FFF703FC26F0704600F0A5
:10A090007040064331461819FFF700FC36E001EB2B
:10A0A0005109D0E90C134FEA5922521843F1000329
:10A0B000FFF7FFFD10B10120BDE8F88305F1580856
:10A0C00009F10107C9F3080914F0010418BF18F8D1
:10A0D0000920F3B21EBF02F00F0242EA0313DBB203
:10A0E00008F809300123EB70D5E90C137A0A5218ED
:10A0F00043F100032846FFF7DCFD0028DBD1C7F35E
:10A1000008073CB1C6F3071608F807600123EB7097
:10A110000020D1E718F80730C6F3032623F00F0319
:10A120001E43F1E70A0AD0E90C13521843F1000369
:10A13000FFF7BFFD0028BED1640005F1580304F409
:10A14000FF741A191E55C6F307265670DEE7F8B5D8
:10A1500004460E461746E3690BB91846F8BD012BB5
:10A16000A6EB030514BFAA1C3A462068691CFFF73A
:10A1700063FF0028F2D1E369013BE361EBE770B5CF
:10A18000C379032B044601D0002070BD8168836928
:10A19000CD18A94202D10023E371F5E74E1C2068D7
:10A1A0003246FFF749FF0028EFD13146F1E7012998
:10A1B0002DE9F843056806460C46174602D80220EA
:10A1C000BDE8F883EB698B42F9D97AB9A1462146FB
:10A1D0003046FFF736FEA0460446B0B92B78042B74
:10A1E00002D1002F44D1F7710020E9E72B78042B2E
:10A1F00002D1C379022BE9D04FF0FF32394628460D
:10A20000FFF71AFF0028E1D0DAE70128D7D0421C77
:10A2100001D10120D4E72B78042B10D1D5E90632E7
:10A22000023A934213D308F10102A24203D02B78E1
:10A23000042B13D0A146EB69A342C8D8CEE7002275
:10A2400041462846FFF7F8FE0028E7D0B8E701337B
:10A25000AB612B7943F001032B71E4E70023A2EB00
:10A26000090249462846FFF7A9FD0028E2D0A7E7E2
:10A27000F3798BB9B468BC4202D10223F371B3E71E
:10A2800021463046FFF7DDFD012898D9431CC0D098
:10A2900001348442EFD0A7E7032BA5D1B368BB42BA
:10A2A000A2D8B2691344BB42E7D29DE72DE9F74338
:10A2B00006460D46FFF76CFB0446C0B929463046FA
:10A2C000FFF703FB06F15808C6E9140105460F46DF
:10A2D0004FF400722146404602F052FA4FF0010955
:10A2E00073899C4207D373891C1B18BF0124204625
:10A2F00003B0BDE8F083CDF800902A463B46707865
:10A300004146FBF7EDFC013547F100070028EAD193
:10A310000134E5E72DE9FF4700230B600E461546A3
:10A32000FFF707FB013000F05E82BC4B1C68002C7D
:10A3300000F05B823460237805F0FE0573B160782D
:10A34000FBF796FCC60709D4002D00F07F8140077B
:10A3500040F17C810A2004B0BDE8F0870020208015
:10A36000FBF792FCC10700F142820DB14207F1D424
:10A37000002200232046FFF7BDFC022840F0188190
:10A3800094F81A32EE2B40F0F08001220023204690
:10A39000FFF78FFC002840F0078104F15808A0491E
:10A3A0001022404602F0DCF900283AD19D486FF0B7
:10A3B0000F024FF0FF33032A8ABF04F16801002720
:10A3C0008F5C0825012107EA0106002E18BF83F0E3
:10A3D000010343F3000606404900013D86EA5303AA
:10A3E000C9B2F0D101324C2AE5D104F16800FFF77F
:10A3F0004FFADB43834214D104F1AC00FFF748FA73
:10A4000080280ED104F1A800FFF742FA8028064602
:10A4100007D804F1A000FFF73DFA07468946B54288
:10A4200001D10D2097E7C5F39602D21949F1000337
:10A4300020464FEAC51AFFF73CFC002840F0B480E4
:10A440000AF4C07A7849102208EB0A0002F088F971
:10A4500008B10135E3E70AF120004044FFF71AFA9A
:10A4600002460B462046FFF745FC0128F1D801289B
:10A47000D4E9142540F0EC8004F162010B2311F8BB
:10A48000016F002ECDD10133402BF8D1B4F8C0308C
:10A49000B3F5807FC5D194F8C430092BC1D104F144
:10A4A000A000FFF7F7F9074604F1AC00FFF7F0F959
:10A4B00094F8C6302062012BA370B2D194F8C50085
:10A4C000834098B260810028ABD004F1B400FFF75C
:10A4D000DFF9824655488245A3D80AF10200E061BF
:10A4E000C4E90A2504F1B000FFF7D2F910EB020924
:10A4F00045F10008C4E9109804F1A800FFF7C8F975
:10A500009BB280180AFB03F345F1000C13EB09031F
:10A5100048F10008BF1841EB05019F4271EB0801AB
:10A52000C4E90C0CFFF47DAF04F1B800FFF7B0F9FB
:10A53000C4E90E0635467DB96389B3427FF671AF33
:10A54000A16B2046FFF7C1F9321841F10003204604
:10A55000FFF7AFFB40BB0136631993F85830812BEE
:10A560002CD02035C5F30805E5E704F21E236E461E
:10A5700004F25E216A461846FFF78AF910338B42CF
:10A5800042F8040BF7D1002556F8042B72B10023D2
:10A590002046FFF7AFFB01287FF669AF0135042D98
:10A5A000F2D104287FF43DAF0120D4E60320F5E783
:10A5B0000428F9D001287FF65AAF32E705F11400DC
:10A5C00004F158063044FFF763F9012805467FF689
:10A5D00028AFE36983427FF624AF6389821E534329
:10A5E000D4E910125B1842F10002C4E91232D4E936
:10A5F0000C13EA09521843F100032046FFF759FBF8
:10A600000028D1D105F07F0006EB8000FFF740F96C
:10A61000431C0DD00135A842E9D002E7846D00202B
:10A6200070C800082083B8ED3DCC0008FDFFFF7F17
:10A63000C4E9050004266F4A2670138801339BB2D3
:10A640001380E3806C4BE3606C4B2361002082E657
:10A65000B4F86330B3F5007F7FF4E3AEB4F86E7006
:10A6600027B904F17C00FFF713F9074694F8683026
:10A670002762591E0129A3703FF6D3AE94F8656096
:10A680006681002E3FF4CDAE711E31427FF4C9AE1B
:10A69000B4F86980A4F8088018F00F0F7FF4C1AEF9
:10A6A000B4F86B0018B904F17800FFF7F1F8B4F8CA
:10A6B0006690B9F1000F3FF4B4AE07FB03FC09EB61
:10A6C000181EE6447045FFF4ACAEA0EB0E01B1429B
:10A6D000B1FBF6F3FFF4A5AE49498B423FF6A1AEBC
:10A6E0004FF6F5718B4269D840F6F576B3428CBFD0
:10A6F0000226012619EB020045F100011EEB020EB5
:10A7000045F100090233032EC4E90A25C4E90C010E
:10A71000C4E910E9E36153D1B4F8821058EA0101A9
:10A720007FF47FAE04F18400FFF7B2F89B0003F2E0
:10A73000FF13B7EB532FC4E90E01FFF472AE4FF0D5
:10A74000FF33C4E90533032E4FF0800323717FF4F8
:10A7500072AFB4F88830012B7FF46DAF013245F150
:10A7600000032046FFF7A5FA00287FF464AFB4F891
:10A77000562220714AF655239A427FF45CAF04F1C9
:10A780005800FFF785F81F4B98427FF454AF04F54B
:10A790000F70FFF77DF803F1FF5303F500532033EB
:10A7A00098427FF448AF04F51070FFF771F8A0618C
:10A7B00004F51170FFF76CF860613CE7032699E738
:10A7C000B8F1000F3FF42DAE1CEB000041F1000189
:10A7D0004FEA430C022E1BBF9C4403F00103634667
:10A7E00003EB5C03A3E70B20B5E50C20B3E50320E6
:10A7F000B1E500BF806D002020690020206B0020A3
:10A80000F5FFFF0F525261412DE9F04705680646FA
:10A81000884649B96F69C7B1EB69BB4298BF012748
:10A82000AB69A3B9002405E0FFF70BFB0128044640
:10A8300003D801242046BDE8F087421C00F0D580F3
:10A84000EB698342F6D84746EAE70127E8E72A782A
:10A85000EB69042A40F08280A7F1020A023B9A4584
:10A8600028BF4FF0000AD146D5E912134FEA19323A
:10A87000521843F100032846FFF71BFA002846D17F
:10A8800009F0070101238B40E969C9F3C802DBB273
:10A890000239A8184C4690F8580009F10109894579
:10A8A00000EA030035BF5B000023DBB2994628BFF6
:10A8B0004FF4007208BB0234631E0333BAD801237D
:10A8C0001A4621462846FFF779FA0228B1D0012816
:10A8D00000F08B80B8F1000F1ED10223F371D5E98F
:10A8E0000632023A93429CBF03F1FF33AB612B79EE
:10A8F0006C6143F001032B719CE7CA450AD0002B21
:10A90000C7D10132B2F5007FAED20123C1E74FF0CB
:10A91000FF34D1E70024CFE7F379022B07D17B1C6A
:10A92000A342DCD0B368FB1AB3610323F37108F1CF
:10A930000102A242F36905D113B10133F361CEE7FD
:10A940000223FBE70BB90123F3612246414630465F
:10A95000FFF7FDFB002845D10123EFE7474515D15F
:10A960007C1C9C4228BF022421463046FFF769FA2E
:10A9700001283FF45EAF431C37D0F8B1D5F81490EE
:10A98000B9F1010F02D9EB69994500D3B9464C469C
:10A99000EB690134A34204D8B9F1010F3FF442AF8F
:10A9A000022421463046FFF74CFA48B101283FF413
:10A9B00040AF013019D04C45EAD133E7002CE5D047
:10A9C0004FF0FF3221462846FFF736FB50B9B8F169
:10A9D000000F84D0224641462846FFF72DFB002871
:10A9E0003FF47DAF01287FF424AF4FF0FF3421E71F
:10A9F0002DE9F8430668076B3378042B07F120072D
:10AA000014BF4FF400134FF08053BB4204468946F5
:10AA100003D800220023C0E90E23D4E90E3253EA02
:10AA2000020113D0C7F30808B8F1000F43D1013376
:10AA3000616B42F10002C4E90E3251B93389B3EBC4
:10AA4000571F38D800220023C4E90E230420BDE894
:10AA5000F8837389013B13EA57232CD12046FFF773
:10AA6000F0F90128054601D80220F0E7421C01D187
:10AA70000120ECE7F369834216D8B9F1000FE1D069
:10AA8000616B2046FFF7C0FE0546D0B10128EBD030
:10AA9000431CEDD001463046FFF708FC0028E7D103
:10AAA000E37943F00403E371656329463046FEF71A
:10AAB0000CFFC4E90E015836464427632664002083
:10AAC000C5E70720C3E7F8B50E460021076804462E
:10AAD000FFF75EFAF8B90546D4E90E233846FFF7CA
:10AAE000E8F8C0B93A78236C042A1B780CD11B060D
:10AAF0000ED5054601212046FFF77AFF0028EBD04E
:10AB0000042808BF072006E0E52B01D0002BF0D178
:10AB10000135B542EED1F8BD016DF8B54B1C0568A5
:10AB2000066B04461DD10127D4E90E232846FFF702
:10AB3000C0F8D0B92B78226C042B0ABF1378E52318
:10AB400003F07F031370EF70236BB3420DD200212B
:10AB50002046FFF74DFF0028E6D0042808BF02205A
:10AB600003E0FFF715FA0028DDD0F8BDF8B504467C
:10AB70000068D4E90E230569FFF79BF808B10120AE
:10AB8000F8BD236C1A78852A01D00220F8E72A46FE
:10AB900003F1200153F8040B42F8040B8B42F9D166
:10ABA0006B786FF05F0201335E0102EB4313B3F584
:10ABB000007FEAD800212046FFF71AFF0428E4D0DE
:10ABC0000028DDD1D4E90E232068FFF772F80028B1
:10ABD000D5D1236C1A78C02AD7D105F1200203F110
:10ABE000200153F8040B42F8040B8B42F9D195F87D
:10ABF00023300F222C33B3FBF2F3B6EB431FC4D345
:10AC0000402700212046FFF7F3FE0428BDD000288E
:10AC1000B6D1D4E90E232068FFF74BF80028AED157
:10AC2000236C1A78C12AB0D1EA1903F1200153F834
:10AC3000040B42F8040B8B42F9D12037BE42E0D816
:10AC40002846FEF761FE6B88181A18BF01204000E5
:10AC500096E7F8B503681C6905462046FEF754FEE2
:10AC6000A070000AE070296D66782846FFF790F919
:10AC7000012720B1022828BF0220C0B2F8BDD5E9C3
:10AC80000E232868FFF715F80028F3D12B6C04F188
:10AC9000200254F8041B43F8041B9442F9D12B689A
:10ACA000DF70002EE6D000212846FFF7A1FE013E0E
:10ACB000DFE700002DE9F843FF27066804463D461C
:10ACC0000420D4E90E2352EA030102D1D8B10420B2
:10ACD00062E03046FEF7EDFF00285DD1206C03787E
:10ACE000002BF4D03278042A10D1852B4ED1236B5F
:10ACF00023652046FFF73AFF00284DD133691B79C1
:10AD000003F03F03A3710020BDE8F883C27AE52B6E
:10AD100002F03F02A27146D02E2B44D022F0200137
:10AD2000082940D00F2A43D159063AD503F0BF0570
:10AD3000236B477B2365437BBB4234D1428B92BB61
:10AD40000378D6F80CE0DFF87C8023F040030D2177
:10AD5000013B4B434FF6FF79012118F801CB30F846
:10AD60000CC011B3FF2B1ED82EF813C0614601335F
:10AD700001320D2AF1D10278520605D521B1FF2BFF
:10AD800011D800222EF81320013DEDB200212046FB
:10AD9000FFF72EFE002894D000220023C4E90E23E2
:10ADA000B2E7AB42C7D0FF25F0E7CC45E0D0FAE7E9
:10ADB0001DB9FEF79AFDB842A5D04FF0FF332365C9
:10ADC000A1E700BF30CC00082DE9F04F002187B08B
:10ADD000D0F800900446FFF7DBF8804698BB99F85E
:10ADE0000030042B36D1D9F80C00FEF7ECFE0746F4
:10ADF0002046FFF75FFF054608B1804623E0D9F8FB
:10AE000010309A8CBA42F3D193F823B040265D45B6
:10AE100010D0F10608BF0236D9F81030985B01F067
:10AE2000B5FAD9F80C30824633F8150001F0AEFAC5
:10AE300082450CD0EBB29B45DAD1D9F80C3033F80F
:10AE40001530002BD4D1404607B0BDE8F08F023654
:10AE50000135DCE74FF0FF3323654FF0FF0A04F1C3
:10AE6000440355460293D4E90E234846FEF721FFDA
:10AE700000285BD1266C3778002F75D0F27AE52F49
:10AE800002F03F03A37103D012075AD50F2B03D052
:10AE90004FF0FF3323654DE094F84F305B063FD40D
:10AEA000780645D5236B96F80DA0236507F0BF07FC
:10AEB000737B53453ED1738B002B3BD13578D9F84A
:10AEC0000C30019305F03F05013D0D23DFF8A0B0E4
:10AED0005D4301221BF8013BF35A6AB3FF2D29D8C9
:10AEE0001846059301F052FA019B0490691C33F84F
:10AEF0001500039101F04AFA049A82421AD1059B87
:10AF000003991A460D461B4B9B45E3D133785906EE
:10AF100004D51AB1019B33F815305BB9013FFDB27E
:10AF200000212046FFF764FD00289CD080468AE778
:10AF3000BD42BDD0FF25F3E74FF6FF718B42E2D053
:10AF4000F8E72DB93046FEF7D0FC50453FF47BAF13
:10AF500094F84F30DB079BD402990B22304601F066
:10AF6000FFFB002894D16EE74FF004086BE700BFA9
:10AF700030CC00083DCC00082DE9F04F90F84FB0E0
:10AF80001BF0A0089BB0044640F07E810668F26882
:10AF900032F81830002B40F0A1803378042B40F0B9
:10AFA000A2800F2308F10E082046B8FBF3F808F141
:10AFB0000201FFF788FD0546002840F0FD80236B65
:10AFC00008F10108A3EB48132365E3795F074DD52A
:10AFD00023F00403E3712046FFF7D1F8002840F086
:10AFE000EB80616B4FF0FF322046FFF7B0F800288E
:10AFF00040F0E280A368002B38D023680493236AD2
:10B000000693636A8DF8173023F0FF03CDE908300B
:10B01000A16A0B9004A81891FEF7BAFF002840F02F
:10B02000CB8004A8FFF7A2FD002840F0C580D4E93A
:10B03000042370894FF40071E0FB01233069C4E9F7
:10B0400004233830FEF732FC3069D4E90423283079
:10B05000FEF72CFCE379326943F0010382F82130DA
:10B0600004A8FFF7F6FD002840F0A680D6E90364A7
:10B07000671C3F220021384601F082FB85232370A4
:10B080000022C02384F82030012140234FF0C10E5C
:10B090009046581C04F803E004F80080023321B104
:10B0A00036F8151009B10135EDB2080AE154F8542B
:10B0B0000233D806F3D136F8150002F1010C80B93D
:10B0C000023284F8235062703046FEF77CFD84F82B
:10B0D0002400000A84F8250000206DE008F1010832
:10B0E00056E76246D5E704F1440797E807000DF1FB
:10B0F00010091BF0010F89E8070000F0CB80402306
:10B100007D4D84F84F304FF0010A99E807003B4627
:10B11000D6F80CC003C323F8022BBAF1050F4FEA8F
:10B1200012421A7059D9ACF10201534631F8022F7C
:10B13000002A44D14846072203F00F0C0CF13001DD
:10B14000392988BF0CF13701013A9E4600F8011DEC
:10B150004FEA131302D0BEF10F0FEDD802F16803CE
:10B160006B447E2103F8601C04F1430100239342E9
:10B1700005D011F8010F202803F1010C2FD1433322
:10B18000234404F14B00072A9BBF02F16801694484
:10B19000202111F8601C03F8011F98BF013298426A
:10B1A000F1D12046FFF710FE00286FD10AF1010A05
:10B1B000BAF1640FA9D107201BB0BDE8F08F1020B1
:10B1C00002F0010C0CEB430313F4803F18BF6B40FB
:10B1D00001384FEA5202F3D1A8E75346AAE7634683
:10B1E000C5E7216B2046A1EB4511FEF7D1FE0028F3
:10B1F000E2D13846FEF779FB4FF6FF780190D4E9AB
:10B200000E233046FEF755FD84460028D4D1236C2A
:10B21000019AD6F80CE05A73E9B24FF00F02DA72D5
:10B2200018739876D8764A1E0D20DFF8D0A04243D6
:10B2300060461AF8019B404518BF3EF8120003F81B
:10B24000090003EB090B0CF1010C18BF01324FEAA6
:10B250001029002808BF4046BCF10D0F8BF8019063
:10B26000E7D1404502D03EF812200AB941F0400132
:10B2700019700123F37000212046FFF7B9FB002865
:10B280009AD1013DBBD118E0062095E7042893D15F
:10B2900084F84FB01BF0020F1BBF08F10C050D2303
:10B2A0000125B5FBF3F518BF013529462046FFF708
:10B2B0000AFC002880D1013D93D1D4E90E23304609
:10B2C000FEF7F7FC00287FF477AF01462022206CC0
:10B2D00001F056FA03CF236C18605960BA783988A8
:10B2E00019819A7294F84F30226C03F0180313738B
:10B2F0000123F370F0E600BF2110010030CC0008FC
:10B3000010B504463430FEF7C3FA886004F1380003
:10B310000A46FEF7BFFAC2E9040194F8213003F0AF
:10B320000203D3710023D36110BD03284B8B04BFEC
:10B330008A8A43EA02431846704700002DE9F04F1D
:10B3400085B00368019305468A4611F8013B2F2B0F
:10B35000FAD05C2BF8D00023AB60EB619AF8003098
:10B360001F2B00F2BD8080230021284685F84F3036
:10B3700005B0BDE8F04FFEF70BBE2F2800F041816D
:10B380005C2800F03E817F2806D80146A44801F0E1
:10B390000EFA002840F0FB80FF2F00F0F8802BF819
:10B3A00017400137A0E033F8022D202A02D02E2AC0
:10B3B00040F0AD80013FA7E0994580F0EF80BA42B0
:10B3C00012D10B2B07D1ECE0BA4204D044F00304B5
:10B3D000E4B200F2EA804FEA88085FFA88F83A4659
:10B3E0000B234FF00809C5E07F2E3ED944F002013F
:10B3F000CDE902233046CBB240F2B511009300F004
:10B4000093FF10F0800FDDE90223064614D0854932
:10B4100000F07F068E5D46B183483146CDE90223B8
:10B4200001F0C5F9DDE9022308B3009941F00301F9
:10B43000C9B200915F2610E0FF28ECD9591E89455A
:10B4400004D344F00304E4B2994693E005EB090108
:10B45000000A81F8440009F1010905EB0901009C8B
:10B4600081F8446009F1010984E00094D4E7A6F171
:10B47000410189B2192902D848F00208EDE7A6F186
:10B48000610189B219299EBF203E48F00108B6B279
:10B49000E3E7A10700F1A28008F0010344EA0313E7
:10B4A000DCB218F0040F18BF44F0080496E05A0705
:10B4B00000F1A480AB79DB066BD5019B18780428DA
:10B4C0005AD1AB682B622B69EA7923F0FF0313434F
:10B4D0006B622B6DAB62019B29461869FFF710FF69
:10B4E0002B68D3F80CB000271AF8010B48B140F2D2
:10B4F000B51100F037FF0446002848D01F283FF65A
:10B500003CAF04240BEB4703002F7FF44CAF4FF00C
:10B5100000022BF817200BEB4703C7B300223BF8C0
:10B5200012002028114602F10102F8D009B92E2894
:10B5300002D144F00304E4B233F8022D2E2A01D0E4
:10B54000013FF9D14FF020334FF00009AB646B6439
:10B55000C5F84B30C84608233BF811604A1C26B397
:10B56000202E04D02E2E7FF427AFBA4213D044F001
:10B570000304E4B21146EFE7019B03F158012B6B82
:10B58000C3F308031944FFF7D0FEA860A8E706201C
:10B5900034E0052032E09945FFF413AF0B2B7FF424
:10B5A00013AF44F00304E4B20B2395F84420E52ADA
:10B5B00004BF052285F84420082B04BF4FEA880801
:10B5C0005FFA88F808F00C030C2B04D008F0030392
:10B5D000032B7FF45EAF44F00204E4B285F84F40E1
:10B5E0002846FFF7F1FB95F84F3000283FF45FAF96
:10B5F000042803D113F0040F08BF052005B0BDE8EF
:10B60000F08F53461C782F2C9A4603F10103F9D092
:10B610005C2CF7D01F2C8CBF00240124A40071E700
:10B62000FEC80008B0CB000807C900081FB5CDE967
:10B63000001003A814460391FEF77BF9013013D0E4
:10B640000A4A13680BB100211970019B0BB100214C
:10B65000197013602CB1002201A96846FEF75AFE4A
:10B660000446204604B010BD0B24FAE7846D002088
:10B670002DE9F04F9BB0164601910446002800F0DA
:10B680002E8102F03F0A524603A901A8FEF742FEAE
:10B690008046002840F01B81039D0199049504A871
:10B6A000FFF74CFE20B99DF95F30002BB8BF062094
:10B6B00016F01C0F00F0E280002843D0042840F070
:10B6C000068104A8FFF758FC002840F000814AF0EA
:10B6D000080A2B78042B40F094802E6925602146BF
:10B6E0003046FFF70DFE1E220021B01C01F048F885
:10B6F00028691A220021263001F042F82B69202205
:10B700001A712B6900221A725A7221229A725C22D3
:10B71000DA722B69012283F8212004A8FFF799FA35
:10B72000002840F0D480A16849B102462046FEF7C7
:10B730003EFDA368013B6B61002840F0C8804AF0E1
:10B74000400A0AE09DF8163013F0110F40F0A18076
:10B75000770700F1BB803607BBD4D5E91423C4E9D1
:10B7600014231499A1652878042840F09480069B3E
:10B770002362089B9DF81720286923F0FF031343D9
:10B780006362189BA3622146FFF7BAFDEB88A38092
:10B79000002200234FF0000B1AF0200FC4E91223FF
:10B7A000C4E90E23256084F830A084F831B024D099
:10B7B000D4E9046756EA07031FD0B5F80A90A168D8
:10B7C000C4E90E674FEA4929B1457BEB07036DD306
:10B7D0000020216400287AD1C6F308036BB1284603
:10B7E000FEF773F850EA010377D0760A46EAC756A7
:10B7F000361841F10001C4E9126140461BB0BDE8B2
:10B80000F08F149B4FF0000B5C2221215A7483F8B7
:10B810000EB083F80FB01974149B5A7683F816B0E3
:10B8200083F817B0197614992878FFF77EFD202346
:10B83000CB72149981465A462846FEF72EFA149B7D
:10B8400083F81CB083F81DB083F81EB083F81FB0D6
:10B850000123EB70B9F1000F3FF471AF5A4649462E
:10B8600004A8D5E91467FEF7A2FC80BB3B4632462C
:10B870002846FEF71EFA09F1FF335CE738BB9DF856
:10B880001630D80627D4B1077FF567AFDA077FF502
:10B8900064AF07201BE0FFF748FDA06001F11C002A
:10B8A000FDF7F6FF0023206163616FE72046FEF796
:10B8B000C8FAB6EB090667F100070128014603D96B
:10B8C000431C81D1012084E7022082E70820002365
:10B8D0002360804691E70420F9E70220F7E74FF064
:10B8E00009088AE72DE9F04F9B4689B000238A4674
:10B8F000CBF8003007A904461746FEF72FF80028BA
:10B9000040F0A58094F83190B9F1000F2BD194F854
:10B91000303013F00103049300F09C80D4E904322A
:10B92000D4E90E011B1A62EB0102BB4272F1000264
:10B9300000D21F46BFB1D4E90E30C3F30802079E00
:10B94000002A6BD17289590A013A41EAC05112EAC0
:10B9500001081AD103430AD1A06801280CD84FF07E
:10B96000020984F83190484609B0BDE8F08F216C97
:10B970002046FEF766FAF0E7431C05D10123DDF807
:10B98000109084F83130EEE72064216C3046FDF7EA
:10B990009CFF50EA0103E2D018EB0003039341F14E
:10B9A0000003B7F5007F36D37189039A059308EB3E
:10B9B000572088424FEA572588BFA1EB08057078C9
:10B9C00000955146FAF762F90028D7D1F27892B182
:10B9D000D6E91402039BC01A059B62EB0302A8423E
:10B9E00072F1000207D24FF4007206F158010AEB1F
:10B9F000402000F015FF6D02DBF800302B44CBF83F
:10BA00000030D4E90E325B1942F10002C4E90E3273
:10BA10007F1BAA448EE7039AC4E91223A56BC5F3E2
:10BA20000805C5F50075BD42D4E91223304628BF8C
:10BA30003D46FEF73EF90028A0D1A16B5836C1F370
:10BA400008012A463144504600F0EAFED4E74FF0A0
:10BA5000090988E74FF0070985E72DE9F04F9B4674
:10BA600087B000238A46CBF8003005A904469046EB
:10BA7000FDF774FF002840F0DF8094F831708FBB31
:10BA800094F830309A0740F1D980059E3378042B22
:10BA900005D0A36B13EB080F01D36FEA0308B8F1CD
:10BAA000000F19D0D4E90E31C3F30802002A40F088
:10BAB000A280B6F80A905A0A09F1FF3942EAC15247
:10BAC00019EA020922D10B4310D1A16881B920469D
:10BAD000FEF79AFE014658B994F8303043F040031F
:10BAE00084F83030384607B0BDE8F08F216CEEE7BF
:10BAF000012903D1022784F83170F3E74B1C01D1EF
:10BB00000127F8E7A368216403B9A160D6E914020C
:10BB1000D4E912139A4208BF884204D13046FDF797
:10BB200037FF0028ECD1216C3046FDF7CEFE50EAFD
:10BB30000103DFD019EB0003029341F10003B8F5D4
:10BB4000007F039342D37389707809EB58229A429D
:10BB50004FEA582588BFA3EB09050095DDE90223CC
:10BB60005146FAF7BDF881460028C9D1D6E9141329
:10BB7000029A891A039A63EB0203A94273F1000344
:10BB800009D24FF400720AEB412106F1580000F08F
:10BB900047FE86F803906D02DBF800302B44CBF8AB
:10BBA0000030D4E90E23A8EB0508AA44AD18D4E967
:10BBB000041243F10003A94272EB03003CBF294683
:10BBC0001A46C4E90E53C4E9041268E7D4E90E0228
:10BBD000D4E90413884272EB030308D33046FDF71F
:10BBE000D7FE00288CD1029B3365039B7365029BB3
:10BBF000A364039BE364A56BDDF81490C5F308050B
:10BC0000C5F500754545D4E91223484628BF454689
:10BC1000FEF74FF800287FF473AFA36B09F15800CB
:10BC2000C3F3080318442A46514600F0F9FD4FF0CB
:10BC3000010389F80330AFE7092753E7072751E7E6
:10BC4000F0B599B001A90546FDF788FE002840F03F
:10BC5000908095F8304014F0400465D0019E337810
:10BC6000042B64D12846FEF78AFA044600285BD1EB
:10BC7000296C4FF0FF322846FEF769FA0446002887
:10BC800052D12B6802932B6A04936B6A8DF80F30A4
:10BC900023F0FF03CDE90630A96A099002A81691A6
:10BCA000FEF776F9044600283ED102A8FEF75EFFB3
:10BCB0000446002838D13269137943F02003137108
:10BCC000EB79326943F0010382F821303069A968C9
:10BCD0003430FDF7E3FD3069D5E904233830FDF752
:10BCE000E5FD3069D5E904232830FDF7DFFD336930
:10BCF00021229A735C221C735C73DA7333695C755E
:10BD0000336902A81C745C749C74DC74FEF7A1FF98
:10BD1000044648B93046FDF770FF95F8303023F0FF
:10BD20004003044685F83030204619B0F0BDD5E90F
:10BD300014233046FDF7BDFF04460028F4D1AF6D53
:10BD4000FB7A43F02003FB722868AA683946FDF7A6
:10BD5000A4FF296907F11C00FDF7A0FD21233B7614
:10BD60005C237B760123BC75FC75BC74FC74F3709A
:10BD7000D0E70924D8E713B50446FFF761FF28B9D7
:10BD800001A92046FDF7EAFD10B9206002B010BD00
:10BD90000920FBE72DE9F04F85B003A904461546BD
:10BDA0001E46FDF7DBFD002840F0E78094F8317077
:10BDB000002F40F0A780DDF80CA09AF80030042B8B
:10BDC0000CD1216C4FF0FF322046FEF7C0F900285D
:10BDD00040F0D5809AF80030042B04D0002E1CBF10
:10BDE0004FF0FF350026D4E90412A94272EB060396
:10BDF00007D294F8303003F00203002B04BF0D4645
:10BE0000164600210020D4E90E32C4E90E0155EA9D
:10BE100006011ED100252946D4E90E32D4E904607A
:10BE20009E4290413CBFC4E9043294F83020C3F3F1
:10BE300008033CBF42F0400284F83020002B61D060
:10BE4000D4E912238B4208BFAA425BD0C4E9125145
:10BE500058E0BAF80A8053EA02014FEA482825D090
:10BE600013F1FF3B42F1FF39681E66F100014246C3
:10BE70000023F6F77DF90023CDE90001424658463C
:10BE80004946F6F775F9009B8342019B8B410DD320
:10BE9000C8F1000303EA0B03C4E90E39216CEB1A65
:10BEA0001D4666EB09060029B4D002E0A16801B383
:10BEB00021644FF00009A84579EB0600D4E90E3261
:10BEC0002BD3D4E90E325B1946EB0202C4E90E32E1
:10BED000C5F30803002B9DD05046FDF7F6FC50EA51
:10BEE00001030CD06D0A45EAC6552D1841EB5621C9
:10BEF00092E72046FEF788FC0128014606D102277A
:10BF000084F83170384605B0BDE8F08F421C01D18D
:10BF10000127F5E7A0602064C5E7B5EB080594F8B4
:10BF200030E066F1000618EB030342F100001EF05A
:10BF3000020FC4E90E3012D0D4E904C29C458241FC
:10BF40003EBF4EF0400EC4E9043084F830E0204695
:10BF5000FEF75AFC014630B905460646B1E72046D1
:10BF6000FDF76FFF01464B1CD2D00129C7D9DAF883
:10BF70001C308B42C3D921649DE70927C2E70746DD
:10BF8000C0E730B585B00446019100283AD00022C0
:10BF900003A901A8FEF7BEF928BB039D01992560FE
:10BFA0002046FFF7CBF938BB94F94F30002B13DB59
:10BFB000A379DB0624D52878042818D1A368236246
:10BFC0002369E279286923F0FF0313436362236D39
:10BFD000A3622146FFF794F9EB88A3800021204655
:10BFE000FDF7D6FF08B10023236005B030BD216CFA
:10BFF000FFF79BF9A060EFE7042808BF0520F2E7F0
:10C000000520F0E70920F0E713B501A90446FDF784
:10C01000A5FC00B9206002B010BD73B50D4601A9A2
:10C020000446FDF79BFCD0B935B92946204602B03D
:10C03000BDE87040FDF7ACBF2046FEF73BFE10F0B8
:10C04000FB060AD129462046FDF7E9FC3146204689
:10C05000FEF7CEFC042808BF002002B070BD092006
:10C06000FBE730B599B00D460190002202A901A866
:10C07000FEF750F9044670B9019902A8FFF75EF97E
:10C08000044640B99DF95730002B07DB1DB1294606
:10C0900002A8FDF7C4FC204619B030BD0624FAE71B
:10C0A000F0B5BDB00222019003A901A8FEF732F954
:10C0B00078B9039C0199109410A8FFF73FF940B993
:10C0C0009DF98F30002B43DB9DF84670FA0702D5AF
:10C0D00007203DB0F0BD26780494042E10D12069CD
:10C0E00004A9FFF70DF9069DFB060FD410A8FEF773
:10C0F00013FD0028EDD11DBB2046FDF77EFDE8E7CE
:10C1000020993046FFF711F90546EDE7042E2694F5
:10C11000289507D1DDE90823CDE92A239DF81730BA
:10C120008DF89F30002126A8FDF732FF0028D0D1DE
:10C1300026A8FEF7BFFD0028CAD00428C9D1D5E73C
:10C140000246294604A8FEF732F80028C1D1D3E7F9
:10C150000620BEE770B5A6B00222019003A901A88F
:10C16000FEF7D8F804460546002840F08F80039B70
:10C170000199109310A8FFF7E1F80446002800F099
:10C180009D80042840F08280039B0493294604A8E4
:10C19000FEF73AFB0546002800F08C80012800F0ED
:10C1A0008B80431C06D101240022294604A8FDF7F8
:10C1B000FEFF6BE001460398FEF778F8034600287F
:10C1C000F1D103980278042A2DD04FF02032C0F824
:10C1D0005920C0F85D20A0F8612080F86E302E2232
:10C1E00080F86F30212380F8582080F870301022BA
:10C1F0005C2380F8632080F871302A4600F15801F2
:10C20000FDF74BFD00F178031A4651F8044B42F854
:10C21000044B9942F9D12E2380F87930129AFDF718
:10C220003CFD0123C37010A8FEF7A6FE04460028BB
:10C23000BAD1039E3378042B4FF0210229D1336900
:10C240009A735C22DA731873587330692946343054
:10C25000FDF724FB7189306949023830FDF71EFB78
:10C260007189306949022830FDF718FB33690322D0
:10C2700083F82120336910221A7110A8FEF7E9FC17
:10C28000044618B90398FDF7B8FC0446204626B0CA
:10C2900070BD209B1A765C229875D8755A762099C5
:10C2A0002A463046FDF7F9FC209B1022DA72012362
:10C2B000F370E7E7072477E7022475E70824E5E74A
:10C2C00030B59BB00D460190022203A901A8FEF7EC
:10C2D00021F8E8B9039C0199049404A8FFF72EF80B
:10C2E000B0B99DF85F3013F0A00F1AD12B8969897E
:10C2F00041EA03412378042B0CD120690C30FDF76F
:10C30000CDFA04A8FEF7A5FC10B92046FDF775FC90
:10C310001BB030BD14981630FDF7C0FA0123E3704E
:10C32000F3E70620F4E700007F2801D880B27047C9
:10C33000B0F5803F11D240F2B51399420DD1084AB1
:10C34000002332F8021B814201D19BB202E001338B
:10C35000802BF6D18033D8B270470020704700BFE1
:10C36000FCCE00087F280DD940F2B513994208D1C0
:10C37000FF2806D800F10040034B803833F8100046
:10C3800070470020704700BFFCCE0008B0F5803F2A
:10C39000F0B522D21F4A204983B2B3F5805F38BF7F
:10C3A0000A46141D34F8042C2146AAB1934213D333
:10C3B00034F8025C2E0AEFB252FA85F5A84223DA6D
:10C3C000082E09D8DFE806F0050A10131517191B07
:10C3D0001D00801A34F810301846F0BD9A1A02F089
:10C3E00001029A1A93B2F7E7103B9BB2F4E7203BA5
:10C3F000FBE7303BF9E71A3BF7E70833F5E7503B3B
:10C40000F3E7A3F5E353F0E70434002ECAD101EBC0
:10C410004702C6E74ECC00080ACD0008002103E021
:10C420000B4B5B58435004310A480B4B42189A425D
:10C43000F6D30A4A02E0002342F8043B084B9A4232
:10C44000F9D3FAF7D3FA00F0BFF9F8F765FC7047B3
:10C450000CD00008000000207000002070000020B8
:10C460008C6D0020FEE700002DE9F047089D0F4687
:10C4700004468C46002B48D18A42164661D9B2FA4E
:10C4800082F34BB1C3F1200201FA03FC20FA02F25D
:10C490009E4042EA0C0C9C404FEA164EB7B2BCFBE1
:10C4A000FEF1220C0EFB11CC42EA0C4201FB07F01C
:10C4B000904209D9B21801F1FF3C80F0EE80904221
:10C4C00040F2EB8002393244121AA4B2B2FBFEF001
:10C4D0000EFB102244EA024400FB07F7A74209D9E9
:10C4E000341900F1FF3280F0DA80A74240F2D780A1
:10C4F0003444023840EA0140E41B00211DB1DC4015
:10C500000023C5E90043BDE8F0878B4206D90DB191
:10C51000C5E9000100210846BDE8F087B3FA83F1C0
:10C52000002948D1BB4202D3824200F20781841A1B
:10C5300067EB030201209446002DE4D0C5E9004CCE
:10C54000E1E7002A00F09280B2FA82F3002B40F07B
:10C55000A8808A1A4FEA164E1FFA86FC0121200C89
:10C56000B2FBFEF70EFB172240EA02420CFB07F07B
:10C57000904207D9B21807F1FF3802D2904200F278
:10C58000E2804746121AA4B2B2FBFEF00EFB102264
:10C5900044EA02440CFB00FCA44507D9341900F11D
:10C5A000FF3202D2A44500F2CB801046A4EB0C046B
:10C5B00040EA0740A2E7C1F120068B4022FA06FCC0
:10C5C0004CEA030C07FA01F420FA06F3F7404FEAAD
:10C5D0001C49234300FA01F81FFA8CFEB7FBF9F05F
:10C5E0001C0C09FB107744EA074400FB0EF7A74236
:10C5F00002FA01F20AD91CEB040400F1FF3A80F0C0
:10C600009B80A74240F2988002386444E41B9FB2AA
:10C61000B4FBF9F309FB134447EA044403FB0EFEA1
:10C62000A64509D91CEB040403F1FF3780F0828092
:10C63000A6457FD9023B644443EA0040A4EB0E04C4
:10C64000A0FB02E7BC427346B94663D360D05DB13C
:10C65000B8EB030264EB090404FA06F622FA01F3CC
:10C660001E43CC40C5E9006400214CE7620848083D
:10C6700042EAC1710B0C43EA00438AB242EA034228
:10C68000B3FBF6F1E407B4463746B6461F23B0FBCA
:10C69000F6F0D21B41EA004161E7614614E710461B
:10C6A00028E7C3F1200120FA01F29E4027FA01F1A8
:10C6B0009F403A434FEA164E1FFA86FCB1FBFEF745
:10C6C0000EFB1710110C41EA004107FB0CF88845DE
:10C6D00004FA03F43AD9711807F1FF3001D2884502
:10C6E0001FD8A1EB0801B1FBFEF808FB0CF70EFB0D
:10C6F000181192B242EA0142BA422FD2B21808F19E
:10C70000FF31C6D2BA42C4D2A8F102013244C0E716
:10C71000F0459CD2BEEB020367EB0C070138B9462B
:10C7200095E7A6EB08084144B81EB1FBFEF808FBEC
:10C730000CF7DCE73B467FE7504667E70846FBE639
:10C740003444023832E7023F32441BE7A1EB0801D0
:10C750003846B1FBFEF808FB0CF7C8E7414698E7FE
:10C7600010B501390244904201D1002005E0037860
:10C7700011F8014FA34201D0181B10BD0130F2E7A0
:10C7800002440346934200D1704703F8011BF9E7C6
:10C7900010B50246147813460132002CFAD1013B41
:10C7A00011F8012B03F8012F002AF9D110BDC9B2ED
:10C7B0000346184613F8012B12B18A42F9D170478B
:10C7C000002918BF0020704770B50D4B0D4D5B1B45
:10C7D0009C100026A64209D100F03EF80A4D0B4BF2
:10C7E0005B1B9C100026A64205D170BD55F8043B8A
:10C7F00098470136EEE755F8043B98470136F2E7D3
:10C8000004D0000804D0000804D0000808D00008B4
:10C81000034611F8012B03F8012B002AF9D17047C8
:10C820000A44914200F1FF3300D1704710B511F86E
:10C83000014B03F8014F9142F9D110BD044A05495B
:10C840001368002B08BF0B46184410601846704749
:10C85000886D0020906D0020F8B500BFF8BC08BCC2
:10C860009E467047F8B500BFF8BC08BC9E467047AE
:10C870004546492050415254000001005C00000030
:10C88000DD240008A12400080000000054445344A3
:10C89000443732305444534641554C545444534623
:10C8A000425546324E4F204E414D4520202020001B
:10C8B0004D53444F53352E300046415431322020E1
:10C8C0002000544453464C55504400534652433282
:10C8D000442E4200303A00303A2F00303A2F555063
:10C8E000444154452E55504400EB769045584641FE
:10C8F00054202020004641543332202020002A3A80
:10C900003C3E7C223F7F002B2C3B3D5B5D000900C1
:10C910000E0021001F0BE00001F0030007000E00D5
:10C92000C902700002F9040C0C060200A1A1A1FBCF
:10C9300009006A188E0200001200D4309202000032
:10C9400000002110422063308440A550C660E7708B
:10C95000088129914AA16BB18CC1ADD1CEE1EFF133
:10C960003112100273325222B5529442F772D662DB
:10C97000399318837BB35AA3BDD39CC3FFF3DEE383
:10C980006224433420040114E664C774A44485542B
:10C990006AA54BB528850995EEE5CFF5ACC58DD5D3
:10C9A0005336722611163006D776F6669556B4467B
:10C9B0005BB77AA719973887DFF7FEE79DD7BCC723
:10C9C000C448E5588668A7784008611802282338CB
:10C9D000CCC9EDD98EE9AFF9488969990AA92BB973
:10C9E000F55AD44AB77A966A711A500A333A122A1B
:10C9F000FDDBDCCBBFFB9EEB799B588B3BBB1AABC3
:10CA0000A66C877CE44CC55C222C033C600C411C6A
:10CA1000AEED8FFDECCDCDDD2AAD0BBD688D499D12
:10CA2000977EB66ED55EF44E133E322E511E700EBA
:10CA30009FFFBEEFDDDFFCCF1BBF3AAF599F788F62
:10CA40008891A981CAB1EBA10CD12DC14EF16FE142
:10CA50008010A100C230E32004502540467067607A
:10CA6000B9839893FBA3DAB33DC31CD37FE35EF392
:10CA7000B1029012F322D2323542145277625672CA
:10CA8000EAB5CBA5A89589856EF54FE52CD50DC5E2
:10CA9000E234C324A014810466744764245405441A
:10CAA000DBA7FAB79987B8975FE77EF71DC73CD732
:10CAB000D326F2369106B01657667676154634566A
:10CAC0004CD96DC90EF92FE9C899E9898AB9ABA982
:10CAD0004458654806782768C018E1088238A328BA
:10CAE0007DCB5CDB3FEB1EFBF98BD89BBBAB9ABBD2
:10CAF000754A545A376A167AF10AD01AB32A923A0A
:10CB00002EFD0FED6CDD4DCDAABD8BADE89DC98D21
:10CB1000267C076C645C454CA23C832CE01CC10C59
:10CB20001FEF3EFF5DCF7CDF9BAFBABFD98FF89F71
:10CB3000176E367E554E745E932EB23ED10EF01EA9
:10CB4000000000006410B71DC8206E3BAC30D92631
:10CB50009041DC76F4516B6B5861B24D3C710550DD
:10CB60002083B8ED44930FF0E8A3D6D68CB361CB05
:10CB7000B0C2649BD4D2D38678E20AA01CF2BDBDB9
:10CB8000000000000000000001020304060708097D
:10CB900002040608020C0810000000000102030451
:10CBA000000000000000000001020304060708095D
:10CBB000809A45418E418F804545454949498E8F30
:10CBC0009092924F994F555559999A9B9C9D9E9F33
:10CBD00041494F55A5A5A6A7A8A9AAABACADAEAF34
:10CBE000B0B1B2B3B4B5B6B7B8B9BABBBCBDBEBFCD
:10CBF000C0C1C2C3C4C5C6C7C8C9CACBCCCDCECFBD
:10CC0000D0D1D2D3D4D5D6D7D8D9DADBDCDDDEDFAC
:10CC1000E0E1E2E3E4E5E6E7E8E9EAEBECEDEEEF9C
:10CC2000F0F1F2F3F4F5F6F7F8F9FAFBFCFDFEFF8C
:10CC300001030507090E10121416181C1EA2A0D01D
:10CC4000EBE5B9334487C068B6B72699C7007D1DA8
:10CC50000100632C001E9601A01E5A01001F080649
:10CC6000101F0606201F0806301F0806401F060674
:10CC7000511F0700591F521F5B1F541F5D1F561F76
:10CC80005F1F601F0806701F0E00BA1FBB1FC81F62
:10CC9000C91FCA1FCB1FDA1FDB1FF81FF91FEA1FAE
:10CCA000EB1FFA1FFB1F801F0806901F0806A01F1E
:10CCB0000806B01F0400B81FB91FB21FBC1FCC1F4D
:10CCC0000100C31FD01F0206E01F0206E51F01007E
:10CCD000EC1FF31F0100FC1F4E21010032217021C7
:10CCE0001002842101008321D0241A05302C2F0446
:10CCF000602C0201672C0601752C0201802C640156
:10CD0000002D260841FF1A03000061001A03E0000D
:10CD10001703F8000703FF0001007801000130014C
:10CD200032010601390110014A012E017901060183
:10CD300080014D004302810182018201840184014E
:10CD400086018701870189018A018B018B018D0191
:10CD50008E018F0190019101910193019401F601DF
:10CD600096019701980198013D029B019C019D014C
:10CD700020029F01A001A001A201A201A401A4011F
:10CD8000A601A701A701A901AA01AB01AC01AC0151
:10CD9000AE01AF01AF01B101B201B301B301B50101
:10CDA000B501B701B801B801BA01BB01BC01BC01B2
:10CDB000BE01F701C001C101C201C301C401C50127
:10CDC000C401C701C801C701CA01CB01CA01CD0115
:10CDD0001001DD0101008E01DE011201F3010300EB
:10CDE000F101F401F401F8012801220212013A02D2
:10CDF0000900652C3B023B023D02662C3F024002CB
:10CE00004102410246020A015302400081018601AB
:10CE1000550289018A0158028F015A0290015C0271
:10CE20005D025E025F02930161026202940164028C
:10CE3000650266026702970196016A02622C6C0223
:10CE40006D026E029C01700271029D0173027402F8
:10CE50009F0176027702780279027A027B027C02D5
:10CE6000642C7E027F02A60181028202A901840253
:10CE7000850286028702AE014402B101B201450279
:10CE80008D028E028F0290029102B7017B03030094
:10CE9000FD03FE03FF03AC0304008603880389033C
:10CEA0008A03B1031103C2030200A303A303C40353
:10CEB0000803CC0303008C038E038F03D8031801EF
:10CEC000F2030A00F903F303F403F503F603F7038F
:10CED000F703F903FA03FA033004200350041007A0
:10CEE000600422018A043601C1040E01CF0401004E
:10CEF000C004D0044401610526040000C700FC0002
:10CF0000E900E200E400E000E500E700EA00EB00F1
:10CF1000E800EF00EE00EC00C400C500C900E60028
:10CF2000C600F400F600F200FB00F900FF00D60096
:10CF3000DC00A200A300A500A7209201E100ED0003
:10CF4000F300FA00F100D100AA00BA00BF001023DC
:10CF5000AC00BD00BC00A100AB00BB009125922538
:10CF6000932502252425612562255625552563250F
:10CF7000512557255D255C255B2510251425342575
:10CF80002C251C2500253C255E255F255A2554258A
:10CF900069256625602550256C256725682564254B
:10CFA000652559255825522553256B256A251825B1
:10CFB0000C25882584258C2590258025B103DF004C
:10CFC0009303C003A303C303B500C403A6039803DC
:10CFD000A903B4031E22C603B50329226122B100AE
:10CFE0006522642220232123F7004822B000192261
:0CCFF000B7001A227F20B200A025A0008C
:08CFFC00A851FF7F01000000B5
:04D004001D220008E1
:04D00800F521000806
:10D00C00FF000000FFFF00009000000038C900087E
:10D01C00FFFF00007C110020C41100200101010061
:10D02C0050000000715B0008715B0008715B000828
:10D03C00755B0008815B0008855B0008855B000858
:10D04C00855B0008715B0008895B0008995B000830
:10D05C00715B000800127A00010000008595000841
:10D06C0029950008519600082994000804680020AE
:040000050800C41D0E
:00000001FF
